PSS1,PSS2,PSS3,PSS4,PSS5,PSS6,PSS7,PSS8,PSS9,PSS10,GAD1,GAD2,GAD3,GAD4,GAD5,GAD6,GAD7,PHQ1,PHQ2,PHQ3,PHQ4,PHQ5,PHQ6,PHQ7,PHQ8,PHQ9,label,row_id
4,3,4,3,3,3,2,4,3,3,2,1,2,2,2,2,2,1,1,2,0,2,2,3,2,0,1,1055
4,3,4,3,2,3,2,3,3,3,2,2,2,2,2,2,2,3,2,2,2,0,2,3,2,0,2,1272
4,4,4,4,3,3,2,2,4,4,3,1,3,3,3,3,2,2,3,2,3,3,3,2,2,1,2,1278
2,2,2,2,2,2,2,2,2,2,2,2,2,2,2,2,2,2,2,2,2,2,2,2,2,2,1,1360
4,4,4,4,4,4,3,3,4,4,3,3,2,3,3,2,3,3,2,2,3,3,3,3,1,3,2,1774
3,4,2,0,0,1,0,1,4,4,3,1,3,3,1,3,1,0,1,0,3,0,0,1,1,1,1,1940
4,3,4,3,3,4,4,1,3,4,3,3,3,3,3,3,3,2,3,3,3,3,3,3,3,3,2,1824
2,3,2,4,2,3,3,3,2,3,1,2,2,2,1,2,1,1,1,1,2,1,1,1,2,0,1,239
4,3,3,3,1,2,1,2,3,2,1,2,2,2,2,1,1,2,2,1,2,2,1,1,1,1,1,1644
1,1,1,3,3,4,3,4,0,0,0,0,0,0,0,0,0,0,0,0,0,0,0,0,0,0,0,484
3,3,3,3,1,1,1,1,3,3,1,1,1,1,1,1,1,1,1,1,2,2,1,2,1,1,1,326
3,3,3,2,2,1,1,1,2,3,3,3,3,3,3,3,3,3,3,3,3,3,3,3,3,3,2,866
1,2,1,1,2,2,0,0,1,1,1,3,0,2,2,2,1,3,1,1,1,1,0,2,1,0,1,1028
3,4,4,2,1,2,2,2,4,3,3,2,3,2,3,2,2,3,3,2,3,1,3,3,3,1,2,1246
1,2,2,1,4,2,2,2,1,2,1,1,1,1,1,2,1,1,1,1,2,0,1,1,1,0,1,1315
0,2,3,2,3,2,2,1,3,1,1,1,3,2,1,2,2,1,2,2,2,2,2,2,1,1,1,674
3,4,3,4,1,0,1,4,3,4,3,3,3,3,3,3,3,0,3,3,3,2,3,3,3,0,2,1149
3,4,4,2,2,3,3,2,3,4,3,3,3,3,2,2,3,3,3,2,3,3,3,3,0,1,2,719
1,3,2,1,3,2,0,2,2,0,1,2,1,0,0,2,0,2,0,0,2,0,1,2,0,0,1,1448
2,2,2,1,0,0,0,2,0,1,1,3,1,1,1,1,0,3,1,1,1,3,0,0,0,0,1,1045
1,1,2,3,3,1,1,1,3,3,1,2,1,2,1,2,1,2,2,2,2,2,1,1,2,2,1,1624
4,4,3,4,2,2,2,2,2,3,2,1,1,2,1,1,1,3,3,1,2,1,2,0,1,2,2,1855
2,2,2,3,2,2,2,2,2,2,2,2,1,1,2,1,1,3,3,3,3,2,3,3,3,3,1,1908
2,2,2,2,2,2,2,2,2,2,1,2,2,2,2,1,1,1,1,1,1,1,1,1,1,1,1,331
3,4,4,4,3,3,3,4,4,4,1,3,3,3,3,3,3,1,1,2,1,1,2,2,2,1,2,1037
1,2,2,2,2,1,1,2,2,3,1,3,0,2,3,0,2,2,2,2,2,2,1,1,3,2,1,1675
4,3,4,2,1,1,2,2,3,4,2,2,2,3,3,2,2,2,3,2,2,2,3,2,3,2,2,1949
1,1,2,4,2,3,4,4,4,4,2,1,1,1,1,1,0,3,3,0,1,1,1,0,0,1,1,308
2,3,4,3,1,0,2,3,4,3,3,3,3,2,1,2,2,1,1,1,2,0,2,0,0,0,1,53
2,2,2,1,2,1,2,2,2,2,1,2,1,1,1,2,1,2,1,1,1,0,1,1,0,0,1,1758
2,0,0,2,4,3,2,2,2,2,0,0,2,2,2,2,2,3,3,1,2,1,2,2,2,2,1,1422
3,2,4,4,2,1,2,0,2,3,1,2,3,3,2,2,2,3,1,0,3,3,1,1,0,0,1,1500
4,3,3,4,2,3,2,2,4,4,3,3,3,3,3,2,3,1,3,2,3,2,3,3,2,3,2,1171
2,2,2,2,2,2,2,2,2,2,1,2,2,2,1,1,2,1,2,1,1,1,2,2,1,1,1,309
2,2,2,2,1,2,1,1,3,3,2,2,2,2,2,2,2,3,2,2,2,3,3,3,2,2,1,1418
2,2,4,2,1,1,2,2,2,2,2,2,0,2,3,3,2,0,3,2,3,3,2,0,2,2,1,383
4,1,4,4,0,2,0,2,4,4,3,3,1,3,3,2,3,1,3,3,3,1,3,3,3,3,2,2009
2,2,3,3,4,3,4,3,3,3,2,3,2,3,3,2,3,0,3,2,3,1,3,3,2,3,2,1941
2,2,2,2,1,2,1,2,3,2,1,1,1,1,2,1,1,1,1,0,1,0,1,1,1,0,1,1726
2,2,2,1,1,3,2,1,2,2,0,0,0,0,0,0,0,0,0,0,0,0,0,0,0,0,0,763
2,3,3,4,2,3,3,1,4,4,3,3,3,2,2,1,1,0,2,2,2,0,2,2,1,0,2,536
4,3,4,4,2,2,2,1,4,3,3,3,3,3,3,3,3,3,3,3,3,3,3,3,1,3,2,1926
2,2,2,0,1,1,3,2,0,2,1,1,1,2,1,0,0,1,0,0,1,1,0,1,1,0,1,1424
2,2,2,2,2,2,2,2,2,2,1,2,2,2,2,2,2,2,2,2,2,2,2,2,2,0,1,1753
1,1,4,2,0,1,1,1,1,2,1,2,1,0,1,2,1,1,0,2,0,0,0,0,1,0,1,1073
2,2,3,1,0,2,1,1,2,1,1,2,1,0,0,1,0,0,0,0,0,1,0,0,0,0,1,862
2,2,2,2,2,2,2,2,2,2,2,2,2,2,2,2,2,2,2,2,2,2,2,2,2,2,1,1052
2,2,3,3,1,3,2,4,1,1,3,0,1,0,3,3,0,1,1,1,1,1,1,1,1,1,1,1340
3,3,4,4,2,4,3,4,4,4,3,0,0,3,3,3,3,0,3,2,3,3,3,3,1,1,2,1532
4,2,4,4,0,3,0,0,4,4,3,3,3,3,3,3,3,3,3,3,3,3,3,2,1,3,2,1212
3,0,1,1,0,1,2,0,1,1,0,0,2,2,0,0,0,0,0,0,2,0,0,2,0,0,0,1458
3,1,4,4,1,2,2,3,1,2,2,2,2,2,2,3,3,1,2,2,1,2,2,2,2,2,2,1444
0,1,1,0,4,4,4,4,0,1,0,1,1,0,0,0,0,0,0,0,0,0,0,2,0,1,0,276
3,4,3,2,3,0,3,3,1,3,3,3,3,2,3,2,3,2,2,1,2,1,3,1,2,3,2,818
2,2,2,2,1,1,1,2,1,1,1,1,1,1,1,0,0,1,0,0,0,0,0,0,0,0,1,980
2,1,2,2,3,2,3,2,2,1,2,3,3,2,3,3,3,0,3,2,3,1,3,3,3,3,2,1442
2,2,2,0,2,2,2,2,2,2,0,0,0,0,0,0,0,0,0,0,0,0,0,0,0,0,0,1801
2,4,4,4,1,1,1,2,4,4,2,1,3,3,2,2,3,2,3,3,3,1,2,3,3,1,2,142
2,1,3,2,1,2,1,2,2,2,1,1,2,2,0,1,0,1,1,3,2,2,1,2,1,0,1,573
2,0,0,0,2,2,4,2,0,0,0,1,0,0,0,1,0,3,0,0,1,2,1,1,0,0,0,428
3,3,4,2,1,2,2,2,2,3,1,2,2,1,1,3,2,3,2,2,2,2,2,2,2,2,1,1
2,4,2,1,1,1,3,2,4,2,1,2,3,2,1,3,2,2,1,1,2,2,2,2,2,1,1,1719
2,2,2,1,1,2,2,2,4,0,2,3,1,1,2,2,1,2,2,3,3,3,3,3,2,0,1,1514
2,2,2,2,2,2,2,2,2,4,1,1,1,1,3,3,3,1,1,1,1,1,1,1,1,3,1,1064
3,2,3,3,1,2,2,3,2,2,2,3,2,3,1,1,2,1,1,1,2,1,1,1,1,1,1,1876
1,2,2,2,0,1,1,0,2,1,1,1,1,1,1,1,1,2,0,1,1,3,1,1,1,1,1,497
2,2,2,2,2,3,2,4,2,0,1,1,3,1,3,3,1,1,1,3,1,1,1,1,1,0,1,574
2,3,2,3,2,2,1,2,3,2,2,2,1,1,1,2,2,2,1,2,2,1,1,0,1,0,1,1812
2,1,2,3,2,2,2,2,3,1,2,1,1,2,1,2,1,1,1,1,3,2,1,1,1,1,1,725
2,3,2,3,3,3,3,4,3,4,1,1,1,2,1,1,1,1,1,1,1,0,0,1,1,0,1,351
3,3,3,4,4,4,2,3,4,4,3,3,1,2,2,2,2,2,3,2,3,1,3,1,2,3,2,1248
0,0,0,0,4,4,4,4,0,0,0,0,0,0,0,0,0,0,0,0,0,0,0,0,0,0,0,503
1,2,3,3,3,1,2,1,1,4,2,2,1,2,1,0,0,2,2,0,1,3,3,3,3,0,1,1251
4,4,4,3,0,1,2,1,3,3,2,1,1,2,1,2,2,2,2,2,1,1,3,2,2,0,1,1258
2,2,3,3,1,2,2,3,2,2,1,0,1,1,1,1,2,1,0,1,0,1,3,1,0,0,1,228
4,4,4,4,0,0,0,0,4,4,0,0,0,0,0,0,0,0,0,0,0,0,0,0,0,0,0,1990
2,2,3,2,3,2,2,1,1,2,1,2,3,3,1,3,2,0,2,3,2,1,0,3,2,3,2,750
4,3,4,4,2,0,2,2,4,4,3,3,3,3,3,3,3,2,3,3,3,3,3,3,3,3,2,1109
2,2,2,2,2,2,2,2,3,2,1,1,1,1,1,2,1,1,1,1,1,1,1,1,1,0,1,1465
2,2,3,2,2,2,2,2,4,2,2,2,1,1,2,2,1,0,1,1,2,0,2,3,0,0,1,322
3,2,2,3,1,1,2,1,3,2,2,3,1,1,1,3,2,2,3,2,3,2,1,3,1,1,1,554
4,4,4,4,3,4,2,4,4,3,3,3,3,3,3,3,3,3,3,2,3,3,3,3,1,3,2,1507
1,2,2,2,2,2,2,4,2,2,3,3,3,3,3,3,3,0,3,3,3,3,3,3,3,1,2,1573
3,2,2,1,0,1,2,1,3,2,1,2,1,2,1,1,0,1,1,0,1,2,1,1,1,1,1,1096
3,4,3,3,0,4,2,2,4,2,2,3,2,3,3,2,3,1,2,3,3,2,3,1,2,0,2,1979
1,2,2,2,3,3,2,3,2,2,2,2,2,2,2,2,2,2,2,2,2,2,2,2,2,0,1,267
3,4,4,4,3,4,4,4,1,4,3,3,1,2,2,1,2,1,1,0,1,2,3,2,1,2,1,1401
3,4,4,4,0,1,2,1,3,3,2,2,1,3,3,2,3,2,3,3,1,1,1,0,0,0,1,1433
2,2,3,2,2,3,2,4,2,2,1,1,3,1,2,1,1,1,3,3,3,0,3,3,1,0,1,1717
4,4,4,4,4,4,4,4,4,4,3,3,3,3,3,0,3,3,3,3,3,3,3,3,3,3,2,1681
3,1,3,1,2,2,1,2,1,1,3,2,1,2,2,3,1,2,3,3,3,1,2,2,2,3,1,546
4,4,4,3,0,2,2,2,2,3,2,3,1,3,3,3,3,3,3,1,3,0,3,3,3,0,2,1191
4,4,4,4,0,0,0,0,4,4,3,3,3,3,3,3,3,3,3,3,3,3,3,3,3,3,2,1062
4,4,4,3,0,1,2,4,4,4,3,3,3,3,3,3,3,2,3,3,3,0,3,3,3,3,2,403
2,4,2,2,3,4,3,2,2,2,2,1,1,1,1,1,1,1,2,3,3,3,3,2,2,1,1,1736
4,3,4,4,2,2,2,2,4,4,3,2,3,2,3,2,2,2,2,3,2,2,2,2,3,2,2,585
3,4,4,2,2,2,2,2,2,2,1,1,2,2,2,2,2,1,2,2,2,2,2,2,2,2,1,431
2,3,3,3,4,3,4,4,3,3,2,2,2,3,3,2,3,3,3,3,2,3,3,2,1,2,2,732
4,4,4,4,4,4,4,4,4,4,3,0,3,3,3,3,3,3,3,3,3,3,3,3,3,3,2,460
0,2,2,0,2,2,2,2,2,2,0,0,1,1,1,1,1,1,1,1,1,1,1,1,1,1,1,1608
1,2,4,2,0,1,2,1,2,2,0,1,1,1,1,0,1,0,0,0,0,0,0,0,0,0,1,854
2,2,3,2,1,2,1,2,2,2,1,1,1,0,1,1,1,1,2,2,2,2,2,2,1,1,1,1929
0,0,2,0,0,0,0,3,0,0,0,0,1,0,0,0,0,0,0,3,3,3,0,0,0,0,0,1880
4,4,4,4,1,2,2,1,3,4,3,3,1,2,3,2,3,2,3,1,3,3,3,3,3,3,2,1883
3,2,4,4,1,1,1,0,2,3,1,2,2,3,2,1,2,1,1,1,2,0,1,3,1,1,1,195
1,1,1,0,0,1,0,1,0,0,0,1,1,0,1,1,0,0,0,1,0,0,0,1,1,0,0,1957
4,4,3,4,2,2,2,3,3,4,1,1,3,1,1,1,3,3,3,2,3,0,3,2,2,1,2,563
2,2,2,2,2,2,3,2,1,1,0,2,1,0,2,1,0,1,1,0,1,1,0,1,1,0,1,1789
3,2,4,4,2,3,2,4,4,4,3,1,3,3,3,3,3,1,2,1,3,2,2,3,1,1,2,1397
2,2,2,2,1,1,1,1,2,2,1,2,1,1,1,1,1,2,2,1,1,3,1,1,1,0,1,540
4,2,4,4,1,3,3,3,4,4,3,2,2,2,2,2,2,2,2,2,2,2,2,2,2,2,2,1610
2,2,3,3,1,2,2,2,3,2,1,1,3,1,3,3,2,1,3,1,3,1,2,2,0,0,1,902
2,1,1,1,3,0,0,2,0,2,0,0,1,2,0,1,2,1,1,1,1,1,1,1,1,1,1,714
4,3,3,2,3,1,2,2,2,4,3,2,3,3,3,1,2,0,2,1,3,3,1,3,3,0,2,1721
2,1,2,1,3,2,3,2,2,1,1,1,2,1,1,1,0,0,0,0,2,2,0,2,2,0,1,1456
2,2,4,2,0,1,0,0,4,4,3,3,3,3,3,3,3,3,3,3,3,3,3,3,3,2,2,1888
4,4,4,3,0,4,2,4,2,3,3,1,2,3,3,2,2,2,3,3,2,2,2,3,2,2,2,201
2,2,3,3,2,2,2,2,4,4,2,2,2,2,2,2,2,0,2,2,2,1,3,3,3,1,1,20
4,4,4,4,3,3,2,3,4,4,2,2,3,3,3,3,3,2,3,2,3,2,3,3,3,0,2,1364
4,4,4,4,2,2,2,2,4,2,1,0,1,1,3,1,1,3,3,3,3,3,3,3,1,0,2,162
2,3,2,4,3,3,2,4,4,3,2,2,3,1,3,3,2,1,3,3,3,1,2,2,3,0,2,1129
1,1,2,3,1,1,2,3,4,3,1,3,2,2,2,2,1,1,1,2,1,1,1,1,1,0,1,1440
4,4,3,2,3,3,3,4,4,4,3,0,3,3,3,3,3,2,3,3,3,2,3,2,3,3,2,399
2,2,2,2,1,2,2,1,3,3,1,1,1,1,1,3,2,1,1,2,3,2,1,1,1,1,1,616
2,2,3,2,1,2,2,2,2,2,1,0,1,1,0,0,0,1,2,1,1,1,1,0,0,1,1,1923
2,2,2,2,2,2,2,2,2,2,2,1,1,1,1,1,2,2,2,2,2,2,2,1,1,2,1,1782
2,2,2,2,2,2,3,1,3,3,2,1,1,3,3,3,1,1,1,1,1,1,1,1,1,1,1,1304
4,3,3,4,3,4,2,3,3,4,3,2,2,2,2,2,1,2,2,1,2,2,1,2,1,1,1,875
2,2,1,2,2,2,2,2,2,2,2,2,0,2,2,2,2,2,2,2,2,2,2,2,2,2,1,1301
2,2,2,1,2,2,2,2,2,2,3,1,1,2,2,3,2,1,2,0,2,2,2,2,2,2,1,1001
3,4,2,1,1,2,1,3,3,4,2,1,0,2,2,2,2,0,2,1,2,1,2,0,1,0,1,227
0,0,2,2,1,2,2,1,4,0,0,0,0,0,1,1,0,2,1,0,2,3,0,2,0,0,1,1809
2,1,2,1,2,2,2,3,2,2,1,2,1,2,1,2,2,2,3,1,2,1,2,2,2,2,1,362
1,2,0,0,2,1,4,2,1,0,0,1,0,0,0,0,0,1,1,1,2,0,0,2,2,0,0,789
2,2,0,2,2,4,4,3,2,2,3,1,1,1,1,0,3,1,1,1,1,1,3,1,1,0,1,819
2,2,2,2,2,2,2,3,2,2,3,3,1,2,2,2,1,3,3,3,3,3,3,2,3,3,1,1912
1,1,1,2,0,1,1,1,1,1,1,0,1,1,1,0,1,0,1,0,1,0,0,0,0,0,0,629
4,3,4,4,0,0,0,1,3,3,2,3,2,2,2,3,2,2,0,0,2,2,3,1,2,2,1,1595
3,3,4,4,2,3,2,2,2,4,2,1,3,2,1,2,1,1,2,1,2,0,1,0,0,0,1,1833
1,1,2,2,1,1,1,2,3,2,1,1,2,2,3,2,2,1,2,0,3,0,3,2,3,1,1,372
3,2,2,2,1,2,1,1,3,3,1,1,1,1,3,3,3,3,3,3,2,1,3,1,3,3,1,1329
3,2,4,0,0,1,1,0,2,2,2,2,2,1,3,3,0,2,2,3,3,2,1,0,2,0,1,1068
4,4,4,4,2,0,3,4,4,4,2,3,0,3,3,3,3,0,3,3,3,3,3,3,3,3,2,2002
0,0,0,0,4,4,4,4,0,0,0,0,0,0,0,0,0,1,0,0,0,0,0,0,0,0,0,1498
0,0,0,0,0,0,0,0,0,0,0,0,0,0,0,0,0,0,0,0,0,0,0,0,0,0,0,774
2,2,3,3,1,2,2,2,4,3,3,2,2,2,2,2,3,1,1,2,2,2,3,1,1,0,1,1449
4,4,4,4,2,2,2,4,4,4,3,3,3,2,3,3,2,1,2,1,2,1,3,3,2,3,2,565
2,2,2,2,2,2,2,2,2,2,1,1,1,1,1,1,1,1,1,1,1,1,1,1,1,1,1,771
2,2,2,2,2,3,3,3,2,2,2,2,1,2,2,1,2,1,2,2,1,2,2,2,2,0,1,430
2,3,4,2,2,1,2,4,2,3,2,1,3,2,2,3,2,1,3,3,3,3,3,3,3,2,2,722
4,4,4,4,0,3,0,4,4,2,2,3,3,3,3,3,2,3,3,3,3,3,3,3,0,3,2,41
2,1,4,3,0,2,0,1,4,3,1,1,1,2,2,3,3,3,3,2,2,2,2,3,2,2,1,1548
3,3,4,3,1,1,2,1,2,2,2,2,2,2,2,1,1,3,3,3,3,3,3,3,3,3,1,1195
2,3,4,2,1,2,3,2,4,3,3,0,3,2,3,3,2,1,3,3,3,3,2,3,3,2,2,987
2,3,4,1,3,3,3,3,3,4,2,3,2,2,3,2,3,1,2,3,3,3,3,2,1,1,2,1161
4,2,0,0,4,4,2,4,2,3,2,2,1,1,2,2,0,1,0,2,1,1,0,2,0,0,1,392
1,2,2,1,1,2,2,2,2,2,2,1,1,1,1,1,1,1,1,2,2,1,1,1,1,1,1,983
3,3,2,2,2,3,2,2,2,2,0,1,1,1,1,1,1,1,1,1,2,0,3,1,1,0,1,1330
3,2,3,0,0,2,1,0,1,2,1,0,1,1,0,0,0,1,0,0,0,0,0,0,0,0,0,1218
4,4,4,4,1,1,1,3,4,3,3,3,3,2,3,2,3,2,3,2,3,3,3,3,3,2,2,1567
3,3,3,2,2,2,2,4,1,2,2,1,1,1,1,1,1,0,1,2,2,1,1,1,0,0,1,691
2,2,2,2,1,1,1,2,2,2,1,1,1,1,1,1,1,2,1,1,2,0,1,1,1,1,1,1623
1,2,2,1,3,2,2,2,2,2,1,1,1,1,1,1,1,1,1,1,1,1,1,1,1,1,1,870
4,4,4,4,2,2,3,3,4,4,3,0,2,3,3,3,1,2,3,3,2,2,3,3,3,0,2,928
2,0,0,0,0,1,0,0,0,0,0,3,0,0,0,1,0,1,0,1,1,0,0,0,2,0,0,1781
4,4,4,4,4,4,3,3,4,0,3,3,3,3,3,0,3,0,3,3,3,1,3,3,1,3,2,1966
4,4,4,4,2,4,4,4,4,4,3,3,3,3,3,3,3,0,3,3,3,0,3,3,3,0,2,942
2,2,2,2,2,2,2,2,2,2,3,2,2,2,2,2,3,2,2,2,2,2,2,2,2,2,2,1489
1,2,2,3,3,2,3,3,1,1,3,3,2,1,1,1,1,0,2,3,2,1,2,1,2,0,1,706
2,3,4,4,2,2,4,1,4,2,2,2,1,3,3,3,1,2,3,1,3,1,3,1,1,3,2,1501
2,2,2,2,3,3,2,3,2,2,2,3,2,2,2,2,1,3,3,2,2,2,3,2,1,0,1,123
1,1,1,1,3,3,3,3,1,1,1,1,1,1,1,1,1,1,1,1,1,1,1,1,1,1,1,476
3,3,3,4,3,3,2,2,3,4,2,2,3,3,2,1,1,2,3,2,3,2,2,1,0,0,2,1731
2,2,4,4,4,4,3,3,4,2,1,1,1,3,1,1,1,1,3,1,1,1,1,1,1,1,1,1032
2,2,3,0,0,0,0,0,1,0,3,0,0,3,2,3,1,1,1,2,2,2,3,1,2,1,2,1806
1,0,3,2,1,1,3,1,0,1,2,0,1,1,1,2,2,3,2,2,2,3,1,0,2,3,2,1366
4,4,4,3,4,4,2,4,4,4,3,3,3,3,3,3,3,3,3,3,3,3,3,3,3,3,2,60
1,2,1,2,1,0,0,3,4,3,0,2,2,2,0,1,2,1,2,1,2,2,2,1,2,1,1,321
2,1,0,0,2,3,3,2,0,0,3,0,1,1,3,3,3,1,1,1,1,1,1,1,1,0,1,1893
3,1,2,1,2,2,2,2,2,2,1,1,1,1,1,1,1,2,2,2,2,2,2,2,2,2,1,1898
2,0,2,2,2,3,3,3,2,2,1,2,3,2,2,2,1,1,1,3,3,3,2,1,1,1,1,487
4,3,3,2,2,3,2,0,4,1,0,2,0,2,0,1,0,3,2,2,2,2,2,2,3,3,1,1369
1,0,1,1,0,1,3,2,2,2,0,0,1,1,1,1,0,2,1,1,1,0,0,1,1,0,0,433
2,2,3,3,2,2,2,3,2,1,1,2,2,2,1,0,1,2,2,1,2,0,0,1,0,0,1,1579
4,3,4,4,0,2,2,0,3,3,0,3,1,3,3,1,3,3,3,3,3,1,3,3,3,3,1,1480
2,2,3,2,2,2,2,3,2,2,1,2,2,1,1,1,1,2,1,2,2,3,2,1,3,2,1,1116
2,2,4,2,2,4,2,0,2,2,2,2,2,2,3,3,2,3,2,2,2,3,1,3,3,0,2,1831
3,3,4,4,3,4,1,4,1,4,3,1,2,1,0,2,1,2,1,3,2,3,3,3,0,0,2,748
2,2,3,2,2,2,2,3,2,2,1,1,3,3,1,3,1,2,1,2,1,1,2,1,3,2,1,1106
2,2,3,3,2,2,3,4,2,3,1,1,2,3,3,1,1,1,3,3,3,3,2,2,1,0,1,1945
2,2,2,2,1,2,3,2,1,1,2,0,2,1,1,1,0,2,0,3,3,0,0,0,2,0,1,1413
0,0,0,0,4,4,3,2,2,2,0,1,1,0,0,0,0,0,0,0,0,1,1,0,1,0,0,1517
4,4,4,2,0,0,0,0,4,4,2,3,3,3,3,3,3,2,3,3,2,2,2,2,2,2,2,1376
0,0,2,0,4,4,4,2,0,0,3,1,1,1,1,1,1,1,1,1,1,1,0,1,0,0,1,97
3,3,4,4,2,3,2,2,3,3,3,3,3,3,2,2,2,0,3,1,2,2,2,2,1,0,2,504
0,2,3,2,1,1,1,0,1,0,1,1,3,1,1,1,0,0,1,1,0,0,1,1,1,0,1,490
1,1,2,1,3,4,3,3,1,1,1,1,0,2,2,2,2,2,2,2,2,2,1,2,2,2,1,917
2,3,2,2,1,2,1,2,2,2,1,1,1,0,1,0,1,1,1,2,1,0,1,1,0,0,1,545
2,2,2,2,4,4,4,4,2,2,3,0,3,3,3,3,3,3,3,3,3,3,3,3,3,3,2,1220
2,1,3,3,1,1,1,1,2,2,1,1,1,1,1,1,1,2,1,0,1,0,0,0,0,0,1,314
2,2,2,2,2,2,2,2,2,2,2,1,1,1,1,1,1,1,1,0,1,0,1,1,1,0,1,795
4,4,4,4,0,4,3,4,4,4,3,3,3,3,3,3,3,2,3,1,2,3,3,3,3,3,2,1260
1,2,1,2,1,2,2,0,2,2,1,1,1,1,1,1,1,1,1,0,1,1,0,0,0,0,1,1326
3,3,3,4,1,2,2,3,3,3,1,1,2,2,2,2,2,1,1,3,3,3,0,2,1,0,1,657
2,2,2,2,1,1,2,1,3,2,1,1,2,2,2,2,1,1,1,1,1,1,1,1,1,0,1,1098
1,1,2,2,2,3,2,2,2,2,2,1,1,2,1,1,2,1,2,2,2,0,2,3,2,0,1,910
2,2,3,2,2,2,2,3,2,2,1,2,1,2,1,1,1,1,1,0,3,0,0,0,1,0,1,1643
4,4,4,4,2,3,2,2,4,4,3,3,3,3,3,3,3,3,3,3,3,3,3,3,3,3,2,1770
3,3,4,4,1,3,2,3,3,4,2,2,3,2,3,3,2,0,3,3,3,3,2,2,3,0,2,27
2,2,3,3,2,2,3,2,3,3,2,3,2,2,2,2,2,2,2,1,3,1,1,2,1,2,2,1584
3,2,2,2,1,1,2,1,2,3,3,3,2,2,1,1,1,2,2,2,2,2,2,2,2,2,1,80
0,1,2,0,2,2,0,1,2,3,1,2,1,1,0,0,0,1,1,0,1,0,0,0,0,0,0,1273
1,0,2,0,1,2,4,2,0,1,0,2,2,2,2,2,2,3,2,2,2,2,2,2,2,2,2,737
3,4,4,2,2,4,1,4,0,2,2,1,3,2,1,1,3,0,3,3,3,3,3,1,2,0,1,916
4,2,1,2,2,3,1,2,2,3,2,2,2,2,2,2,1,1,1,2,1,2,2,2,2,2,1,2019
3,3,2,3,1,3,2,2,3,2,3,3,3,3,3,3,3,3,3,3,3,3,3,3,3,3,2,1991
2,2,2,2,3,4,4,4,2,2,2,1,0,1,2,1,1,0,2,1,2,2,2,1,0,2,1,33
2,2,1,1,2,1,2,2,2,3,1,0,1,1,0,1,1,1,0,1,1,1,1,1,1,0,1,596
2,2,2,1,0,2,1,1,2,3,2,1,2,2,2,1,1,2,1,0,2,1,2,2,1,0,1,802
2,2,2,2,2,2,2,2,2,2,1,1,1,1,1,1,1,2,2,2,2,2,2,2,2,2,1,134
2,2,2,3,2,2,1,1,2,2,2,2,2,2,2,2,2,1,1,1,1,1,1,1,1,1,1,406
0,2,2,2,1,1,2,2,2,1,1,2,1,1,2,1,1,0,1,0,0,0,0,1,1,0,1,1850
3,3,2,3,2,2,1,3,2,2,2,2,1,1,2,3,2,2,2,2,2,2,2,1,1,2,1,57
1,0,2,1,2,2,3,2,2,0,2,2,2,2,2,2,2,1,1,2,2,2,0,1,2,0,1,1097
4,3,3,2,2,4,1,2,3,3,3,1,1,2,2,2,2,1,2,0,1,1,2,1,0,0,1,1470
3,2,4,4,1,2,2,1,2,2,2,2,2,2,2,3,2,1,1,2,1,2,2,2,1,1,1,1978
2,2,3,3,1,1,1,1,3,3,2,2,2,2,2,2,2,2,2,2,2,2,2,2,2,2,1,986
4,4,4,4,4,4,4,4,4,4,3,3,3,3,3,3,3,3,3,3,3,3,3,3,3,3,2,207
3,4,4,3,2,2,2,1,4,3,2,2,2,2,3,3,3,1,1,0,3,0,2,2,1,0,2,1030
2,3,3,3,2,1,2,2,2,2,1,2,2,3,3,3,2,1,2,2,1,2,3,1,2,2,2,999
2,3,2,2,2,2,2,2,4,2,2,3,0,2,3,2,3,0,3,1,3,2,2,0,1,3,2,1807
1,1,1,2,1,2,2,2,1,2,3,0,1,1,3,1,1,1,0,0,1,1,1,1,1,1,1,532
4,4,4,4,0,0,0,0,4,4,3,3,3,3,3,3,3,3,3,3,3,3,3,3,3,3,2,1010
3,2,2,2,2,2,2,2,2,2,1,1,1,1,1,1,1,1,1,1,1,1,1,1,1,1,1,462
1,1,4,0,4,3,3,4,0,0,0,0,0,0,0,0,1,0,0,0,0,1,2,0,0,0,0,1245
2,3,2,1,1,2,3,2,1,1,1,2,1,1,2,2,1,2,1,1,2,1,0,3,0,0,1,341
0,1,1,0,3,4,3,2,2,2,0,1,0,1,1,2,1,1,1,1,1,1,1,1,0,0,1,626
4,3,3,3,2,2,2,2,2,3,2,1,2,2,2,2,2,2,2,2,2,1,3,2,1,2,1,1558
4,4,4,4,4,4,4,4,2,4,3,3,3,3,3,3,3,3,3,3,3,0,3,3,3,3,2,45
4,3,4,1,3,2,3,2,4,3,3,3,3,3,3,3,3,0,3,2,3,3,3,3,3,3,2,1160
2,2,2,3,1,2,3,2,2,3,2,2,3,3,2,3,3,3,3,2,2,3,2,2,2,1,2,1634
2,2,2,2,2,2,2,2,2,2,2,2,3,2,2,2,2,2,2,2,2,2,2,2,2,2,2,1181
4,4,4,3,1,2,2,1,4,4,3,0,3,3,3,3,3,2,3,3,3,3,3,3,3,3,2,1243
4,2,4,2,2,0,0,2,2,4,3,1,1,1,1,1,1,1,1,1,1,1,1,1,1,0,1,22
3,3,3,3,2,3,2,3,3,3,2,1,2,3,2,2,2,1,1,2,1,1,3,1,2,3,2,694
3,3,4,4,0,0,0,0,4,4,3,2,3,3,3,3,3,3,3,2,3,2,3,3,3,3,2,1394
3,4,4,3,1,2,1,1,3,3,2,2,2,2,2,2,1,1,1,2,3,1,2,2,0,1,1,798
2,1,2,2,2,2,3,3,2,2,2,2,2,2,2,3,2,2,1,2,2,1,2,2,2,2,2,958
3,3,3,2,2,1,2,2,3,3,3,2,2,3,2,3,2,1,1,2,2,1,1,1,2,1,1,419
4,1,1,1,2,2,2,3,1,1,2,1,1,1,1,1,1,1,3,3,3,3,3,1,3,2,1,880
4,3,4,3,3,3,2,4,4,4,3,3,3,3,2,3,3,0,3,3,3,3,3,3,2,3,2,1317
1,1,2,2,3,2,2,4,2,2,3,2,1,3,3,3,3,3,3,3,3,2,2,2,3,3,2,290
1,1,2,2,3,3,2,2,2,2,2,1,2,2,2,2,2,1,2,1,2,1,1,0,0,0,1,1447
3,4,3,2,2,3,2,2,4,4,2,2,3,2,2,2,2,2,2,3,2,2,2,2,3,2,2,0
2,4,3,3,2,3,2,2,3,4,2,3,3,3,2,3,1,1,1,3,3,3,3,2,3,3,2,1046
2,2,2,2,1,2,2,3,3,2,1,1,0,1,1,1,3,1,0,1,1,1,1,3,3,0,1,608
0,0,4,4,0,0,0,1,3,3,3,3,3,3,3,2,2,0,3,1,3,1,2,1,2,1,1,1547
2,3,3,2,1,2,1,3,2,4,3,2,2,3,3,3,3,2,2,3,3,2,3,3,2,0,2,1363
3,2,4,3,1,1,1,3,4,4,3,3,3,3,3,3,3,2,3,3,3,1,3,1,3,0,2,1439
4,2,2,2,2,2,2,2,2,2,3,3,3,3,3,3,3,0,0,0,0,0,0,0,0,0,0,1117
2,3,4,2,2,4,1,2,4,4,3,3,3,3,3,3,3,1,3,0,3,0,3,1,1,3,2,1697
3,3,3,4,2,2,2,3,1,4,2,1,1,1,2,1,3,3,3,3,3,3,3,0,1,1,2,952
4,2,2,0,3,1,3,4,4,2,1,1,3,2,1,2,2,3,2,3,3,3,3,1,3,3,1,1235
4,4,4,4,3,3,4,3,4,4,3,0,3,3,3,3,3,3,3,3,3,3,3,3,3,3,2,614
2,2,4,2,2,2,2,4,0,0,2,0,0,1,1,0,0,1,1,1,0,1,1,1,1,1,1,1332
3,0,3,0,4,4,4,3,1,1,0,0,0,0,0,0,0,1,0,1,1,0,0,0,0,0,0,231
2,2,2,2,2,2,3,3,2,2,2,2,2,1,2,2,0,1,1,1,3,1,1,1,1,0,1,1787
3,2,2,3,1,2,2,2,4,2,2,3,1,2,2,2,3,1,2,1,2,1,3,2,1,1,1,954
1,1,4,3,2,3,3,3,4,4,3,3,0,3,3,3,3,3,3,3,3,2,1,2,1,1,2,1395
2,2,2,2,2,2,2,2,2,2,3,3,3,3,3,3,3,3,3,3,3,3,3,3,3,3,2,1065
2,2,2,1,3,3,3,3,1,1,1,2,1,2,1,2,2,2,2,2,1,2,2,2,2,2,1,1672
4,4,4,4,2,3,2,2,2,3,2,2,2,3,1,1,1,2,3,1,3,0,1,2,1,0,1,685
2,2,2,2,1,1,1,1,1,2,2,1,1,1,1,1,1,1,1,1,2,2,1,1,1,1,1,781
2,3,3,2,3,2,1,3,3,2,1,0,1,2,1,2,1,1,1,1,2,1,2,1,2,1,1,1948
2,1,2,1,2,1,2,1,3,2,1,1,3,3,3,1,1,2,1,1,1,3,3,1,2,1,1,1866
1,2,3,3,2,2,1,4,0,2,1,3,2,2,2,1,0,1,1,0,3,0,3,3,0,1,1,1676
2,2,2,2,2,2,2,2,2,2,1,2,1,2,2,0,1,1,1,1,1,2,1,0,2,0,1,515
2,3,4,3,1,2,2,3,2,4,3,2,3,2,1,2,0,1,1,1,3,3,3,3,2,0,1,812
2,2,2,2,0,2,2,2,4,4,1,0,3,3,3,2,3,1,3,3,3,3,3,3,1,3,2,1657
3,4,4,4,3,3,4,4,4,4,3,3,3,3,3,3,3,2,3,2,3,2,3,3,2,3,2,1335
2,3,2,2,2,2,1,3,1,3,1,3,1,1,2,1,1,1,1,2,2,1,2,1,1,0,1,1201
0,1,2,0,2,4,3,4,0,0,0,0,0,0,0,1,1,1,2,1,1,0,0,3,1,1,1,206
2,2,2,2,2,3,3,1,4,4,3,3,3,2,2,1,3,1,1,2,2,1,2,2,2,1,1,175
2,2,4,2,1,2,2,1,2,2,1,1,1,1,2,2,2,0,1,1,2,1,2,1,1,1,1,153
2,2,2,2,2,4,4,4,2,2,3,2,2,2,2,2,1,3,3,3,3,3,3,2,3,3,1,339
3,4,4,4,3,4,4,3,4,4,3,3,3,3,3,3,3,1,3,3,3,3,3,3,3,3,2,929
3,2,4,4,1,3,3,3,3,0,3,3,3,3,3,2,0,2,3,3,3,0,0,2,3,1,2,1723
4,4,4,4,3,4,0,4,4,4,3,2,1,3,3,3,3,1,1,1,1,0,3,3,1,3,2,879
1,0,1,0,3,3,4,3,0,0,0,0,1,0,1,0,0,1,0,0,0,1,1,0,0,1,0,117
3,2,2,3,1,2,2,0,2,2,2,1,1,1,1,1,3,1,3,2,3,3,2,1,3,3,1,1653
2,2,2,2,2,2,2,4,2,2,2,3,2,2,2,3,3,3,3,1,2,1,3,2,2,3,2,1630
2,1,2,2,2,3,2,3,2,2,1,1,1,1,1,1,1,1,1,1,1,1,1,1,1,1,1,663
2,2,2,2,1,3,2,1,2,2,1,1,1,1,1,1,1,3,1,1,1,1,1,1,0,0,1,1578
4,4,4,4,0,4,4,4,4,4,3,3,3,3,3,3,3,0,0,0,0,0,0,0,0,0,2,1143
0,1,0,0,4,4,3,4,1,1,0,1,2,2,1,0,1,1,1,1,0,0,0,0,1,0,1,659
1,2,2,2,2,4,4,4,0,0,0,0,0,0,0,0,0,0,0,0,0,0,0,0,0,0,0,1404
1,2,4,3,4,2,2,4,0,4,2,0,0,2,3,3,2,1,2,0,3,1,1,0,2,0,1,1453
3,4,3,4,4,3,3,2,4,4,3,3,0,3,3,2,3,3,3,1,3,2,3,2,2,3,2,1777
3,2,4,4,2,0,1,2,3,3,2,3,2,2,2,2,1,1,1,3,2,0,0,1,2,0,1,944
2,3,2,3,0,0,2,3,2,2,1,2,2,3,3,3,2,1,3,0,3,3,2,3,2,2,2,1857
3,3,4,4,2,1,1,3,4,4,3,3,2,2,3,1,3,1,3,1,2,3,3,3,2,1,2,885
4,4,4,4,0,2,1,2,4,3,3,0,3,3,3,3,3,3,3,3,3,0,3,3,3,3,2,996
2,2,4,1,1,3,2,2,2,2,3,1,1,2,3,3,2,1,3,0,1,3,1,0,3,0,1,1718
2,3,3,3,2,3,3,3,3,3,2,3,3,3,3,3,2,3,3,3,3,3,3,3,2,1,2,1092
3,3,3,3,1,2,2,2,3,3,2,1,2,2,2,2,3,1,3,1,2,2,2,2,2,2,1,427
0,0,2,1,2,2,2,2,2,2,3,1,0,0,3,1,1,2,3,0,3,3,3,3,3,3,1,758
1,2,1,2,2,1,2,2,2,1,2,1,2,1,1,2,2,1,2,2,2,1,1,2,1,1,1,860
2,2,3,4,0,1,1,0,2,2,1,1,1,1,1,2,1,1,1,2,2,3,1,1,1,0,1,148
1,2,2,2,0,1,1,0,1,0,0,1,2,1,1,1,0,2,1,0,2,0,0,2,2,0,1,1123
4,3,3,3,3,4,2,4,2,4,2,0,1,3,3,1,3,2,3,3,3,1,3,1,2,2,2,919
0,1,2,2,1,3,3,3,2,3,1,1,1,1,1,1,1,2,1,1,1,1,1,1,1,1,1,1183
2,2,2,2,3,2,3,2,2,1,0,0,1,0,1,0,0,1,1,1,1,1,0,1,0,0,1,1266
2,2,2,0,2,3,3,3,3,2,2,0,1,1,2,1,2,2,2,3,2,1,3,3,1,0,1,501
4,4,4,4,3,4,3,4,4,4,3,0,2,3,3,1,2,1,3,1,3,2,3,3,1,2,2,1661
3,4,4,4,1,0,3,4,4,4,3,0,3,3,3,2,2,2,3,1,3,1,3,3,1,2,2,878
2,2,2,2,2,3,2,2,2,2,2,2,2,2,2,2,2,1,1,2,1,1,3,3,1,0,1,1483
3,0,1,0,0,0,2,0,3,1,1,2,1,3,2,2,3,2,3,1,2,3,1,0,2,3,2,1818
3,2,4,4,2,0,1,2,3,3,2,3,2,2,2,2,1,1,1,3,2,0,0,1,2,0,1,295
3,3,3,3,2,2,2,2,4,4,3,2,2,2,2,1,1,0,2,0,1,0,2,2,0,0,1,1853
3,1,3,3,3,4,2,3,1,1,2,2,3,2,3,3,3,0,3,3,3,2,3,2,3,3,2,945
4,4,4,4,4,0,2,2,2,4,2,2,3,2,2,1,2,3,3,2,2,3,3,1,1,3,2,112
2,2,2,2,2,2,2,4,3,2,2,1,3,1,1,3,3,0,3,2,3,2,3,3,1,3,1,1313
0,0,0,0,4,4,4,4,0,0,0,0,0,0,0,0,0,0,0,0,0,0,0,0,0,0,0,1412
0,2,0,2,0,0,4,0,2,2,0,3,2,1,1,1,1,1,1,1,1,1,1,1,1,1,1,522
0,2,2,3,2,3,3,2,3,2,2,1,0,2,2,2,1,1,1,1,2,1,1,1,0,1,1,198
4,4,4,4,4,4,4,4,4,4,3,3,3,3,3,3,3,3,3,3,3,3,3,3,3,2,2,1906
2,3,3,2,2,2,2,2,2,2,2,2,2,2,2,2,2,2,2,2,2,3,2,2,2,2,1,1925
4,3,4,4,2,2,2,2,2,4,2,2,3,2,2,2,1,1,2,2,2,1,1,3,1,0,1,1939
0,2,2,1,0,0,4,0,0,1,0,0,0,0,0,1,0,3,1,2,1,0,0,3,3,1,0,391
2,3,4,4,2,2,4,1,4,2,2,2,1,3,3,3,1,2,3,1,3,1,3,1,1,3,2,639
4,4,4,4,4,4,2,4,4,4,3,3,3,2,2,3,3,3,3,3,3,3,3,3,3,3,2,1159
2,3,2,3,2,3,2,2,2,3,1,2,1,2,1,1,1,1,1,0,3,0,2,1,0,0,1,1562
3,3,4,4,1,2,2,2,3,3,2,1,1,2,2,2,2,2,2,2,2,2,2,2,2,2,2,466
2,2,1,1,3,3,3,3,1,1,1,2,1,2,1,2,1,2,1,2,1,2,1,2,1,2,1,158
2,1,2,0,4,3,4,3,1,2,1,1,2,0,1,0,0,3,2,2,0,2,0,2,0,0,1,513
2,2,2,2,2,2,2,2,2,2,1,1,1,1,1,1,1,1,1,1,1,1,1,1,1,1,1,17
2,3,3,3,2,3,2,4,2,1,1,2,1,1,1,2,2,1,1,2,3,1,2,3,1,0,1,1225
2,1,0,0,0,3,1,1,1,1,0,2,3,1,1,3,1,1,0,3,3,1,0,0,0,0,1,205
2,3,4,2,2,2,1,2,2,2,2,2,2,1,1,1,2,1,2,2,2,2,2,2,2,2,1,544
0,0,2,2,1,2,2,1,2,0,0,1,0,0,0,0,0,3,0,0,1,1,1,0,0,0,0,1655
3,4,4,2,0,1,1,1,4,3,3,3,3,3,3,3,3,2,3,3,3,3,3,3,3,3,2,1785
0,2,0,0,4,4,4,2,1,1,0,1,0,0,0,0,0,1,0,0,1,0,0,0,0,0,0,1286
2,0,3,2,1,1,2,1,2,2,1,2,2,2,2,2,1,1,1,3,2,2,1,1,0,0,1,558
3,3,3,2,2,1,1,2,3,2,1,1,1,2,1,2,2,3,2,2,1,2,2,1,0,0,1,938
1,3,4,1,0,2,2,0,2,2,1,0,3,2,1,1,3,2,0,0,3,1,2,3,2,2,1,129
3,3,4,3,2,2,1,1,2,2,2,2,2,3,2,1,2,2,2,3,2,2,2,2,2,3,1,1294
3,2,2,3,1,2,2,4,2,4,3,3,3,3,2,1,3,1,3,1,3,1,3,1,2,1,2,1223
4,1,1,2,0,2,0,4,3,2,0,1,0,1,0,0,1,1,2,0,1,0,1,0,0,0,1,1289
3,2,4,4,2,4,3,3,4,4,3,3,0,3,3,3,2,0,3,1,3,2,3,3,2,3,2,1308
0,0,0,1,4,4,3,3,0,0,0,0,0,0,0,0,0,0,0,0,0,1,0,0,0,0,0,520
2,3,3,4,2,0,1,1,4,4,3,0,3,2,3,1,3,1,3,3,3,0,3,3,2,3,2,1968
4,4,4,4,0,0,0,0,4,4,3,3,3,3,3,3,3,3,3,3,3,3,3,3,3,3,2,311
4,2,4,4,0,4,4,2,4,4,2,1,2,3,2,3,3,2,3,3,3,3,3,1,2,3,2,597
2,2,3,2,0,2,1,2,4,3,1,1,1,1,1,1,1,2,1,1,1,2,1,2,0,0,1,1027
2,2,2,1,0,0,1,1,3,2,1,3,3,2,2,3,2,2,1,1,2,1,2,1,1,0,1,1314
0,0,3,4,2,3,2,3,4,2,3,2,3,3,1,1,3,1,0,1,1,1,1,2,1,0,1,108
4,4,4,4,3,4,4,4,3,4,3,3,3,3,2,3,3,2,3,3,3,3,3,2,2,3,2,746
3,3,4,4,1,0,0,3,4,4,3,3,1,3,3,3,3,1,2,0,3,3,2,0,0,0,1,1590
4,3,3,4,2,2,1,2,3,4,3,3,3,3,3,2,3,3,2,3,3,2,2,2,1,0,2,1569
3,2,2,2,2,2,2,2,2,2,2,0,2,3,3,1,2,2,3,2,2,1,3,3,2,2,1,673
1,1,3,3,2,1,1,2,3,1,1,2,1,1,1,2,1,1,1,2,2,1,1,1,2,1,1,1796
1,0,1,1,0,1,0,1,1,1,1,2,0,1,1,0,0,3,0,0,0,0,0,0,0,0,0,1916
4,4,4,4,4,3,2,3,4,4,2,3,3,3,3,2,3,3,3,2,2,1,3,2,0,3,2,1552
1,2,1,2,2,3,4,3,2,2,3,2,2,3,3,3,3,2,3,3,3,3,3,3,3,3,2,655
2,2,2,2,2,2,2,2,2,2,3,0,0,0,3,3,3,0,0,0,0,0,1,1,1,1,1,1122
2,2,4,2,0,1,1,1,2,4,3,3,1,3,3,1,3,1,1,1,1,1,1,1,1,1,1,1667
3,3,3,2,1,3,1,2,2,3,2,2,2,1,2,2,1,1,2,2,3,2,3,2,2,2,1,632
2,3,2,2,3,1,1,1,3,3,1,1,1,1,1,1,1,1,2,1,2,1,1,1,1,2,1,1405
4,4,3,4,0,2,0,2,4,4,3,3,3,3,3,3,3,2,3,3,3,3,3,1,3,3,2,1399
4,4,3,4,0,2,2,2,4,4,3,2,0,3,3,3,3,1,1,3,3,3,3,3,3,3,2,1247
2,2,3,2,2,2,2,2,2,2,1,1,1,1,1,1,1,1,1,1,2,1,2,1,1,0,1,115
2,3,2,2,3,0,2,3,0,4,2,1,0,3,2,1,0,3,2,1,0,3,2,1,0,3,1,1701
4,4,4,3,2,3,3,1,4,3,3,3,3,3,2,3,3,0,3,3,3,2,3,3,3,2,2,279
1,0,2,0,3,3,4,2,1,1,1,0,0,2,1,1,1,0,1,2,2,0,1,0,1,2,1,320
4,0,4,3,1,0,2,0,0,0,2,2,1,1,2,2,2,0,2,1,1,2,1,3,1,1,1,1158
2,3,3,3,0,2,2,1,2,2,2,2,2,2,2,2,1,1,1,1,1,1,1,1,0,0,1,1141
2,1,1,2,1,1,1,2,2,1,0,1,1,1,1,1,1,1,1,1,1,0,0,1,0,0,1,1615
3,2,2,3,1,3,2,2,4,3,2,1,2,2,1,2,1,2,2,1,2,1,2,2,2,0,1,932
3,2,2,4,2,3,3,2,4,2,3,3,3,3,3,3,3,3,1,3,3,3,3,3,3,3,2,649
4,3,3,4,2,3,2,2,4,4,2,2,2,2,2,3,3,1,2,3,3,2,3,2,2,3,2,461
4,3,3,4,2,3,1,1,3,4,2,1,1,1,2,1,2,1,1,2,3,2,2,1,1,3,2,1510
1,2,3,2,1,2,2,1,2,1,1,1,1,1,1,1,1,2,2,2,3,1,1,0,1,0,1,577
1,1,2,0,4,4,4,3,2,2,1,0,1,0,1,1,0,0,1,0,0,0,0,0,0,0,0,1629
2,2,2,3,1,2,2,1,0,1,1,1,2,1,0,1,1,1,1,1,2,1,0,0,0,0,1,35
2,2,3,2,0,0,2,1,2,2,2,1,1,1,1,3,1,1,1,2,2,1,1,1,2,2,1,590
4,4,3,4,4,3,1,4,4,4,2,0,2,2,2,1,3,3,3,3,3,2,3,2,2,0,2,186
3,2,2,0,0,0,1,2,2,1,1,1,1,1,1,1,1,2,0,0,2,0,0,0,1,0,1,292
4,2,3,4,1,2,1,1,3,3,2,3,1,2,2,2,3,2,3,3,2,2,2,2,3,2,2,1542
4,4,4,4,2,3,3,4,4,4,3,0,3,3,3,3,3,2,3,3,3,2,3,2,3,0,2,49
3,3,4,4,2,0,4,2,4,3,3,3,2,3,3,3,3,1,3,3,3,3,3,3,3,3,2,708
4,4,4,4,0,0,2,2,2,2,3,3,3,3,3,3,3,3,3,3,3,1,3,3,3,3,2,579
2,2,0,0,2,2,2,2,1,0,0,0,1,1,1,1,1,1,1,1,1,1,1,1,1,1,1,535
2,2,2,2,3,4,2,2,2,2,2,2,2,2,2,2,3,0,3,2,3,3,3,2,3,2,2,494
2,2,0,2,1,2,1,2,1,2,1,1,1,1,0,0,0,1,0,1,1,3,0,0,1,1,1,1207
1,1,1,1,3,3,3,3,1,1,1,1,1,1,1,1,1,1,1,1,1,1,1,1,1,1,1,994
1,2,2,1,3,4,3,3,2,1,0,1,1,1,0,1,0,0,1,1,1,0,3,3,1,1,1,2006
2,2,2,2,3,3,2,2,2,2,1,1,3,3,3,3,2,1,3,2,3,3,3,3,3,3,2,1915
2,2,2,2,2,2,2,2,2,2,1,1,2,2,2,2,2,2,2,2,1,2,2,2,1,2,1,183
3,2,4,2,2,1,2,1,4,2,3,0,2,2,3,2,3,1,2,1,1,3,1,3,3,0,2,282
2,3,4,4,2,3,1,3,0,3,1,1,1,1,1,1,0,3,2,3,3,3,3,3,1,0,1,1403
3,2,3,4,1,1,1,1,2,3,1,3,3,2,2,3,2,3,2,3,3,3,2,3,2,0,2,232
2,2,3,2,2,2,2,2,2,3,2,2,2,2,2,2,3,2,2,1,2,2,3,2,2,0,2,1463
2,2,3,3,1,2,2,1,4,2,2,3,2,1,1,3,2,3,1,0,1,0,2,1,1,0,1,561
1,1,1,2,3,3,2,4,1,2,0,0,0,1,0,0,0,1,1,2,1,0,1,2,2,0,1,534
4,4,4,4,3,4,4,2,4,4,3,3,3,3,3,3,3,3,3,3,3,3,3,3,3,3,2,1891
4,4,4,4,4,4,4,4,4,4,3,3,3,3,3,3,3,2,3,3,3,3,3,3,3,3,2,836
4,3,2,1,1,4,2,2,1,2,1,1,1,1,2,1,2,1,3,1,1,0,0,1,1,0,1,294
3,1,2,3,1,2,1,2,2,2,2,2,3,1,1,3,1,1,2,3,3,3,1,2,2,0,1,594
1,2,2,1,3,4,3,4,0,0,2,3,2,3,2,2,1,1,2,2,1,1,2,2,2,2,2,881
3,2,2,2,1,1,1,1,3,2,3,3,3,1,2,2,2,1,1,2,3,1,1,1,1,1,1,1508
4,4,3,4,4,4,3,4,4,4,3,3,3,3,2,2,1,3,3,3,3,3,3,3,1,0,2,1079
1,2,2,2,0,1,4,4,2,3,3,2,2,3,2,2,2,2,3,0,3,2,3,3,2,2,2,1846
4,4,4,4,3,3,3,4,4,4,3,0,3,2,3,3,3,0,3,3,3,1,3,3,3,3,2,1910
2,2,2,4,2,4,4,4,2,1,0,2,1,0,1,1,1,0,1,3,3,2,1,1,1,1,1,841
4,3,4,4,1,2,2,3,2,4,2,0,1,3,1,3,2,1,3,1,2,0,3,0,2,3,2,678
0,0,0,2,2,2,2,2,0,2,0,0,0,0,0,0,0,2,2,2,2,2,2,2,2,2,0,780
2,2,4,3,0,1,2,4,4,2,2,1,0,3,0,0,1,3,0,1,1,1,0,3,1,1,1,731
1,0,2,3,0,3,3,0,2,2,2,2,1,2,2,2,2,2,2,2,2,2,2,2,2,2,1,1932
2,1,0,1,3,2,2,4,0,2,2,2,3,3,2,2,2,2,2,0,3,3,2,2,3,3,2,382
2,2,3,3,1,2,2,4,4,3,2,1,1,3,2,3,1,2,3,3,2,1,1,3,2,2,1,1134
3,3,4,4,2,3,2,4,3,3,1,3,2,1,3,3,1,2,2,3,3,2,3,2,2,0,2,345
4,4,4,4,3,4,4,4,4,4,3,3,3,3,3,3,3,3,3,3,3,0,3,3,3,2,2,1421
2,2,2,2,2,2,2,3,2,2,2,2,1,1,1,1,2,1,2,2,2,2,2,2,2,2,1,1172
2,2,2,2,2,2,2,2,2,2,1,1,1,1,1,1,1,1,1,1,1,1,1,1,1,1,1,1281
3,4,4,4,3,4,3,4,4,4,3,3,3,3,3,3,3,0,3,3,3,0,3,3,3,3,2,1647
2,2,2,2,2,3,2,4,2,2,2,2,2,2,2,2,2,1,2,2,2,2,2,2,2,0,1,298
3,2,3,1,1,1,2,2,4,2,2,2,2,1,2,2,3,3,3,0,1,1,3,1,2,2,1,825
2,3,3,3,0,1,2,0,2,2,1,1,1,2,3,2,3,2,2,3,1,2,1,1,0,0,1,764
2,2,2,1,3,3,3,3,1,1,3,3,1,1,3,2,2,1,3,3,3,3,2,2,2,1,2,1702
2,2,2,2,2,2,2,2,2,2,0,1,1,1,0,0,1,1,2,2,2,0,0,1,2,2,1,1398
0,2,1,1,2,3,4,4,1,2,2,1,1,0,0,0,0,1,0,2,0,1,2,3,2,1,1,1337
3,3,4,4,3,3,3,1,2,3,2,2,2,2,2,1,2,1,2,3,3,3,3,2,1,3,2,155
2,2,2,2,2,4,3,4,2,1,3,0,0,3,3,3,3,0,3,2,3,2,3,3,3,2,2,1837
0,1,4,2,1,1,2,1,1,3,0,0,0,0,0,2,0,1,3,3,3,1,1,3,2,0,2,897
2,2,2,3,2,3,2,4,3,2,1,3,2,3,2,2,1,3,1,1,2,1,2,3,0,1,1,330
3,2,3,2,2,4,3,3,2,2,1,2,1,0,1,1,0,3,3,2,3,1,3,1,0,0,1,1070
2,3,2,2,1,0,1,3,3,1,3,1,2,1,3,3,1,3,3,2,3,2,3,2,2,2,1,289
2,2,3,1,2,2,2,0,2,2,2,2,2,1,3,2,2,2,3,3,3,1,1,2,2,1,1,413
0,0,2,0,0,0,1,1,3,3,1,1,1,2,2,1,1,3,1,1,1,2,0,2,1,0,1,317
1,1,1,1,3,3,3,3,1,1,1,1,1,1,1,1,1,1,1,1,1,1,1,1,1,1,1,1187
0,0,0,0,4,4,3,3,1,1,0,1,1,1,2,2,1,1,2,1,2,2,0,2,1,0,1,651
1,0,2,0,3,1,1,2,2,0,1,1,2,2,0,2,2,1,3,1,2,1,2,0,2,2,1,1815
2,2,4,2,0,0,1,1,4,3,3,1,2,1,1,1,2,1,3,1,3,1,2,2,1,1,1,672
4,4,4,4,3,2,3,2,4,4,3,3,3,3,3,3,2,3,3,0,3,3,3,3,3,3,2,1443
2,2,2,2,2,1,1,2,2,2,2,2,2,2,2,1,1,1,1,1,1,1,1,1,1,1,1,164
2,2,3,0,2,2,2,4,0,0,1,2,1,2,1,1,2,1,0,0,1,1,1,2,1,0,1,939
4,4,4,4,2,2,1,2,2,4,3,3,3,3,3,1,1,3,3,3,3,2,3,3,2,0,2,1879
2,2,4,3,2,4,1,0,3,3,3,3,2,3,3,2,3,2,3,2,3,1,3,2,2,3,2,1727
2,2,4,4,1,2,2,0,2,2,2,1,2,2,2,2,3,1,2,0,1,0,0,1,1,0,1,613
2,1,3,1,1,2,1,2,2,3,1,1,1,2,2,1,1,1,1,1,1,1,1,1,1,1,1,1795
2,2,2,2,2,2,2,2,2,0,0,0,0,0,1,0,1,1,1,0,0,0,0,1,1,0,0,521
1,2,1,1,4,2,4,3,1,1,0,2,0,0,1,0,0,2,0,0,0,0,1,0,0,0,0,264
3,3,3,3,1,3,2,3,2,4,2,2,3,2,3,3,3,2,2,2,3,2,2,2,2,0,2,82
0,1,2,0,0,0,2,1,1,3,1,2,0,2,3,1,2,0,0,1,1,2,2,2,1,1,1,1903
3,3,2,3,2,2,2,2,2,3,1,1,2,2,1,1,1,2,2,1,2,1,3,1,1,2,1,1744
2,4,3,4,1,2,1,2,3,2,1,1,2,2,2,2,2,1,3,1,1,1,3,0,1,1,1,853
2,2,3,2,2,0,1,4,2,0,1,2,1,0,0,3,1,0,0,2,2,0,0,0,0,0,1,287
1,1,2,2,2,2,1,2,2,2,1,1,1,1,1,1,1,1,1,1,1,1,1,1,1,1,1,346
2,2,2,2,1,2,2,4,2,2,2,2,2,3,3,3,3,1,3,2,2,3,3,2,0,2,2,1931
3,4,3,4,0,0,0,3,4,4,3,3,3,3,2,3,3,2,3,3,3,3,3,3,3,2,2,1609
1,1,2,1,0,1,2,2,2,2,2,1,1,2,2,1,2,2,2,1,1,2,0,1,1,2,1,1391
0,4,4,2,2,4,2,2,3,2,2,2,2,2,3,3,3,1,3,3,3,1,3,3,3,3,2,598
0,2,2,0,4,3,4,2,1,3,1,0,1,1,1,1,0,0,1,1,1,0,1,1,1,1,1,368
1,1,0,2,4,2,3,3,1,0,0,0,0,0,0,1,0,0,0,0,0,0,1,0,0,0,0,168
3,3,3,3,2,2,3,2,3,2,1,1,1,1,1,1,1,0,1,3,1,1,1,2,0,1,1,1585
4,4,4,4,3,4,2,2,4,4,3,0,3,3,3,2,2,1,2,2,3,3,3,2,3,2,2,1244
3,4,4,4,1,2,2,1,3,3,2,2,2,2,2,1,2,1,1,0,1,3,2,1,3,2,1,1426
2,4,3,2,1,2,2,1,2,3,2,2,2,2,2,2,3,2,2,3,2,0,2,2,2,0,2,262
4,3,3,3,2,1,2,2,4,4,2,2,3,1,2,3,2,1,1,2,3,1,2,2,1,1,2,682
1,2,2,3,2,2,1,2,1,3,2,2,1,2,2,1,1,1,0,0,1,1,0,1,0,0,1,135
0,0,1,0,4,3,4,3,1,0,0,0,0,0,1,0,0,0,1,0,0,0,0,0,0,0,0,1006
2,2,1,1,2,2,2,1,1,2,2,1,2,2,1,1,2,2,2,1,1,1,2,1,2,2,1,2000
2,2,3,3,2,0,1,2,2,3,1,0,2,1,2,2,0,2,1,0,0,0,0,2,1,0,1,1617
0,2,4,2,3,4,2,4,3,2,1,0,0,0,0,0,0,1,1,0,2,1,0,0,0,0,1,335
2,1,3,3,2,2,0,2,2,3,1,1,0,1,0,0,0,1,0,0,0,3,3,3,0,2,1,1543
2,1,2,2,2,2,2,3,2,2,2,2,2,2,2,1,1,1,1,1,2,1,1,2,1,1,1,959
0,0,1,0,1,1,3,1,1,1,1,2,2,1,2,1,3,2,1,2,2,1,1,0,1,1,1,838
0,0,0,1,1,2,2,4,4,0,2,3,2,2,2,2,2,3,3,2,3,3,3,1,2,0,2,505
2,2,1,2,2,2,2,2,3,2,1,1,1,2,2,1,1,1,1,1,2,1,1,1,1,0,1,1561
4,4,4,3,2,2,2,2,2,1,3,3,3,3,3,3,3,3,3,3,3,3,3,3,3,3,2,1751
2,2,4,0,1,0,1,2,2,1,2,1,1,1,1,1,0,1,1,1,1,0,3,3,2,1,1,1157
1,1,3,3,3,2,2,0,3,3,2,1,1,2,2,1,1,1,0,2,2,2,0,1,0,0,1,557
4,4,4,4,4,4,3,4,4,4,3,0,3,3,3,3,3,3,3,3,3,3,3,3,3,3,2,1959
3,3,3,3,2,2,2,2,3,3,2,2,1,2,2,2,2,1,1,1,3,2,2,2,2,2,1,486
4,4,4,3,2,2,1,0,4,4,3,3,2,2,3,3,3,1,3,3,3,2,3,3,3,0,2,1427
2,2,2,2,1,1,2,1,3,2,3,2,3,2,2,2,2,3,1,2,1,1,1,1,1,1,1,1285
2,2,2,2,2,2,2,2,3,2,1,2,0,2,3,3,3,3,2,0,3,3,3,3,3,0,1,1970
2,4,2,2,2,2,2,4,2,2,1,1,1,1,1,1,1,0,0,0,0,0,0,0,0,0,1,244
1,1,2,2,1,1,1,0,2,2,1,1,2,1,1,1,1,2,1,1,2,3,1,1,1,3,2,508
3,3,4,3,2,2,3,2,2,3,3,3,3,2,3,2,2,2,3,2,2,2,1,3,1,0,2,1716
4,4,4,3,4,4,4,4,4,4,3,3,2,2,1,3,3,0,3,1,3,3,1,2,1,3,2,1373
1,1,1,1,3,3,3,3,1,1,1,0,1,0,0,0,0,1,1,1,1,1,1,0,1,0,1,2014
4,3,4,4,2,3,2,4,3,4,3,0,0,3,3,3,3,2,3,3,3,3,3,3,3,3,2,817
4,4,4,4,4,4,4,4,4,4,3,3,3,3,3,3,3,0,3,3,3,3,3,3,3,3,2,76
4,4,4,4,4,4,3,4,4,4,3,3,3,3,3,3,2,1,3,1,3,1,3,3,3,1,2,1186
2,4,3,2,1,2,0,1,2,2,1,1,2,1,1,1,1,1,1,1,1,0,0,2,0,0,1,400
3,4,4,3,2,2,1,2,4,2,2,3,2,2,2,2,2,3,2,2,3,1,3,0,2,0,2,882
3,4,4,2,2,2,1,2,4,3,3,3,3,3,3,3,3,1,3,1,2,1,3,1,2,0,2,1167
2,2,4,3,1,2,0,1,4,2,2,1,3,3,2,3,2,2,2,1,2,3,1,1,2,1,2,1757
4,2,1,1,2,4,2,2,3,2,1,1,1,2,2,2,2,1,2,2,2,2,1,2,2,0,1,1944
4,4,4,4,2,2,1,4,3,4,3,3,3,3,3,3,2,1,3,3,2,1,3,2,2,3,2,1282
3,3,4,4,1,2,3,2,3,3,2,1,0,3,3,3,3,1,3,3,3,3,3,3,2,1,2,1009
2,2,2,2,1,2,0,1,2,2,3,1,3,2,3,2,3,0,3,3,3,3,3,3,2,3,2,1626
3,2,4,2,2,2,2,2,2,2,1,1,1,1,1,1,1,1,1,1,1,1,1,1,1,0,1,297
2,1,2,1,3,3,3,3,1,2,0,1,1,1,1,0,0,0,1,2,2,2,2,0,0,1,1,199
2,2,3,2,2,3,1,2,4,4,2,2,1,1,2,2,1,3,0,1,1,1,0,0,0,0,1,553
2,3,2,2,1,2,0,1,1,3,0,0,1,0,0,1,0,0,2,2,2,1,0,0,1,0,1,370
3,1,1,1,3,3,3,3,1,1,2,2,2,2,2,2,2,2,1,1,1,1,1,1,1,1,1,759
2,2,2,1,2,2,2,3,2,0,1,1,1,1,1,1,1,2,1,1,1,0,2,1,0,0,1,1048
2,2,3,3,1,2,2,2,3,2,2,1,3,3,1,3,2,1,1,1,3,1,1,1,2,0,1,1198
4,3,4,4,1,0,2,4,4,1,3,3,3,2,2,2,2,0,2,2,2,1,2,0,1,1,2,654
2,4,2,3,1,4,0,3,0,4,3,3,0,2,3,3,2,0,2,3,3,3,1,3,2,0,2,181
4,4,4,3,4,4,4,4,4,4,2,2,2,2,2,2,2,0,2,2,3,2,1,0,2,0,1,377
2,2,4,3,3,3,2,3,3,4,2,1,0,3,2,2,2,1,3,2,3,1,2,2,1,2,2,233
4,4,4,4,4,4,4,4,4,4,3,3,3,3,3,3,3,0,3,3,3,3,3,3,3,3,2,408
0,4,4,4,0,0,1,2,2,2,1,1,1,1,1,1,1,3,1,1,1,1,1,1,1,1,1,1007
1,1,1,1,2,3,3,3,1,1,1,2,1,2,1,2,1,1,1,1,1,0,1,1,1,1,1,237
3,4,4,4,1,4,4,4,2,4,2,1,1,2,1,3,3,0,3,2,2,3,3,2,3,3,2,2013
2,3,4,3,1,2,2,2,4,4,2,2,3,3,2,3,3,3,3,3,2,3,3,1,3,0,2,1892
2,2,3,3,2,2,2,3,3,3,3,3,3,3,3,2,3,1,3,2,2,3,3,3,3,3,2,809
0,2,2,2,1,2,0,0,4,3,1,2,2,1,1,2,2,2,0,2,1,1,1,1,1,1,1,118
4,4,4,4,4,4,4,4,4,4,3,0,3,3,3,3,3,3,3,3,3,3,3,3,3,3,2,1930
2,2,2,1,1,1,2,1,2,2,1,1,1,1,1,1,1,1,1,1,1,0,1,1,1,0,1,1392
2,2,2,3,1,2,2,1,2,3,2,2,2,1,2,2,2,2,2,3,3,2,3,2,1,2,1,1546
4,4,4,4,2,4,2,2,4,2,2,3,3,3,3,3,3,3,3,2,3,1,3,3,0,3,2,1140
2,2,2,2,2,3,2,2,2,2,1,1,1,1,1,0,1,1,0,2,0,1,0,2,1,1,1,777
4,4,4,4,1,3,2,4,3,4,2,3,2,2,3,2,1,2,3,2,3,3,3,3,2,0,2,832
4,4,2,3,1,2,2,4,2,3,1,3,3,2,3,2,1,0,3,3,3,3,3,3,2,3,2,1728
2,2,2,4,0,2,2,2,4,4,3,3,3,3,3,3,3,3,3,3,3,2,3,3,3,3,2,1592
0,0,2,2,2,1,2,2,2,2,2,2,0,3,3,3,3,1,2,0,3,1,2,0,2,2,1,1094
2,2,0,2,4,2,2,3,1,2,0,3,2,2,3,2,0,2,1,2,2,2,3,3,0,1,1,1291
2,3,4,4,2,2,3,3,4,4,3,3,3,2,3,3,3,1,2,3,3,2,3,2,1,1,2,988
4,4,4,4,2,2,3,3,4,4,3,3,3,3,3,2,3,2,3,2,3,3,3,3,2,3,2,1312
4,4,4,4,4,4,3,2,4,4,3,3,0,3,3,3,3,0,3,3,3,3,3,3,3,3,2,824
2,3,4,3,3,3,1,3,1,2,2,3,2,2,2,1,2,1,2,2,3,2,3,2,1,0,1,800
0,1,2,1,3,1,1,0,4,0,1,2,1,0,1,1,1,2,1,2,2,1,0,1,1,2,1,1635
2,2,2,2,3,2,2,0,2,1,1,1,0,0,0,0,0,1,1,0,1,0,1,1,0,0,1,359
1,2,4,3,0,2,1,1,2,3,2,1,2,2,2,2,2,2,2,1,2,3,2,2,1,2,1,1565
4,3,4,2,2,2,2,4,2,2,2,1,1,3,2,2,3,1,2,0,2,1,3,1,1,0,1,1994
2,3,3,3,2,2,2,4,2,3,2,0,2,2,2,2,2,1,2,2,2,2,2,1,2,2,1,1739
4,3,3,4,4,2,2,2,3,4,3,1,1,1,1,1,1,1,2,3,2,0,3,3,1,0,2,396
2,2,2,2,2,2,2,3,1,2,1,2,2,2,2,2,2,1,3,2,2,1,2,3,2,3,1,1943
3,2,2,3,1,2,2,3,3,2,1,2,1,2,3,2,2,1,3,2,3,2,3,3,2,3,1,236
3,4,3,4,1,1,2,2,4,3,3,2,3,3,3,3,2,1,2,1,3,2,2,3,1,0,2,1936
3,1,2,1,1,0,1,1,2,2,1,1,1,1,1,1,1,0,1,1,1,1,1,1,1,1,1,756
4,4,4,4,0,0,2,0,4,2,3,3,3,3,3,3,3,2,3,3,3,3,2,3,3,3,2,156
0,2,1,2,2,2,2,2,2,2,1,1,1,1,2,2,0,0,1,3,1,1,1,1,1,1,1,1913
4,4,4,4,0,0,0,0,4,4,3,3,3,3,3,3,3,3,3,3,3,3,3,3,3,3,2,1407
4,4,3,2,2,2,1,4,1,2,2,1,1,0,0,2,1,1,2,2,1,0,1,1,2,1,1,1911
2,3,3,0,1,1,1,2,4,3,3,3,3,2,2,2,3,2,3,3,3,2,3,3,3,2,2,1693
2,2,2,2,2,2,2,4,2,1,2,1,1,1,1,1,2,2,2,2,2,2,2,0,0,0,1,856
2,3,3,4,0,2,1,2,4,3,2,2,3,2,2,3,2,2,2,2,3,3,3,1,2,0,2,1012
2,1,2,2,1,1,2,1,1,2,1,2,3,1,2,2,0,0,0,1,2,3,3,0,0,0,1,159
4,3,4,3,2,1,2,0,4,2,3,3,3,3,3,3,3,3,3,3,3,2,3,3,1,1,2,1457
1,1,3,4,1,1,0,1,2,3,2,1,2,2,2,2,2,2,3,3,3,2,2,2,1,2,1,1287
0,0,3,0,4,4,4,3,0,0,0,0,0,0,0,0,0,0,0,0,0,0,0,0,0,0,0,179
3,3,4,3,1,2,3,1,3,3,1,2,1,2,1,1,1,2,3,1,3,0,2,1,0,0,1,790
1,1,2,0,3,3,4,3,1,0,1,0,0,1,1,0,1,1,0,0,1,2,2,1,0,1,1,268
0,3,2,0,0,1,1,0,2,2,1,1,1,1,1,0,1,0,0,0,1,0,0,1,0,0,0,251
2,3,3,3,3,2,1,3,3,3,2,3,3,3,3,1,1,2,2,1,1,1,1,1,1,1,1,1571
3,4,4,3,1,2,2,2,4,3,3,3,3,2,3,3,3,2,3,0,3,2,3,3,3,3,2,822
2,2,3,2,2,2,3,2,0,1,3,0,3,1,1,1,1,1,1,0,3,1,2,1,1,1,1,325
0,1,2,0,2,2,3,2,2,0,2,2,2,2,2,2,2,2,2,2,2,2,2,2,2,2,1,499
3,3,4,4,2,4,2,2,4,3,2,3,3,1,3,2,3,1,3,1,3,0,3,3,1,0,2,176
3,2,2,1,2,2,2,3,2,3,3,2,2,3,3,3,1,0,3,0,3,3,3,3,3,3,2,1771
3,3,4,4,2,1,2,1,3,2,3,0,3,2,3,2,1,2,3,1,1,0,2,1,1,1,1,1631
1,1,3,2,2,2,2,2,2,3,2,2,1,1,2,1,2,3,1,0,1,0,1,1,1,0,1,727
1,1,2,1,3,2,2,1,3,2,2,1,1,1,1,3,2,1,1,3,3,1,3,1,3,1,1,1047
3,2,3,3,2,2,2,3,3,2,2,2,2,2,2,1,1,1,2,2,2,2,2,1,1,1,1,686
0,0,0,1,1,1,1,2,1,1,1,1,1,0,0,0,0,2,1,2,2,0,2,1,0,0,0,1907
0,0,2,2,2,2,1,1,2,2,1,0,1,0,0,0,1,2,0,0,1,0,0,0,2,0,1,1211
0,0,2,0,2,2,2,2,2,2,2,2,2,1,0,1,1,1,0,2,1,0,1,0,2,0,1,1318
4,4,4,4,2,4,3,3,4,4,2,3,3,2,3,3,3,2,3,3,2,3,3,2,2,3,2,140
3,3,4,3,1,1,2,3,3,3,2,3,2,3,2,2,2,2,2,2,3,1,2,1,2,0,2,1213
3,4,4,4,3,3,3,3,4,4,1,0,2,2,1,2,2,3,3,3,3,3,3,3,3,3,2,570
1,3,3,1,1,1,2,2,2,2,1,2,2,2,2,2,2,2,2,2,2,2,2,2,2,2,1,2003
3,3,2,2,1,2,2,2,2,0,1,1,3,1,1,3,0,1,1,0,1,1,1,1,2,0,1,753
3,2,2,2,2,1,1,2,2,3,2,1,2,2,1,1,1,1,1,2,2,1,2,1,1,0,1,1830
2,2,1,1,3,3,3,3,0,1,1,3,3,3,0,1,1,0,0,1,1,1,1,0,1,0,1,127
2,2,4,3,0,2,1,1,4,3,2,1,0,2,2,2,1,1,1,1,1,2,1,2,1,1,1,1031
4,4,4,4,0,0,0,0,4,4,3,3,3,3,3,3,3,3,3,3,3,3,3,3,3,3,2,1060
0,0,2,2,0,0,0,2,2,0,0,1,0,0,1,3,0,0,0,1,0,0,1,0,0,0,0,1481
3,3,4,4,2,2,1,2,4,4,3,1,2,3,3,3,3,3,3,3,3,0,3,3,2,3,2,1554
4,3,4,4,1,1,0,3,4,4,3,2,2,3,3,2,2,2,2,3,3,3,3,2,2,3,2,742
1,3,2,1,1,2,2,2,2,2,1,1,1,1,1,1,1,1,1,0,2,1,1,1,1,1,1,1263
2,2,3,2,2,3,2,2,2,3,2,2,2,1,2,2,2,1,1,1,2,1,1,1,2,0,1,492
2,3,2,1,4,1,4,2,3,2,2,1,1,1,2,3,3,3,3,2,1,2,3,2,1,2,1,8
4,4,4,4,3,4,4,4,3,4,3,3,3,3,3,3,3,3,3,3,3,1,3,3,3,0,2,968
2,3,4,2,1,2,4,2,4,4,2,3,2,3,2,3,2,1,3,3,3,1,3,3,3,3,2,1238
3,3,3,3,2,2,2,3,3,3,2,3,2,2,2,2,2,2,3,3,3,2,2,2,2,1,2,28
3,2,3,3,1,2,1,2,3,3,2,2,1,2,1,0,1,1,0,2,2,1,0,0,0,0,1,1086
2,2,3,1,1,1,1,1,2,2,2,1,2,2,2,1,1,2,1,2,2,2,1,0,1,2,1,664
2,2,2,2,2,2,2,2,2,2,0,1,1,1,1,1,1,1,1,1,1,1,1,1,1,1,1,1791
2,2,3,2,0,1,1,2,2,2,1,1,1,1,1,1,3,2,1,2,2,1,1,1,1,1,1,1575
1,2,2,2,1,2,1,1,2,2,2,2,2,1,3,1,0,2,1,1,2,1,1,1,1,1,1,847
2,2,3,1,0,2,2,4,2,1,1,1,1,0,1,1,1,1,2,1,1,1,1,1,0,0,1,925
3,4,4,4,3,4,2,4,3,4,3,3,3,2,3,3,2,0,3,3,3,3,3,3,3,3,2,1156
2,2,2,2,2,3,2,2,2,2,1,1,1,1,0,1,1,2,1,1,1,1,1,1,1,0,1,1176
2,2,2,2,2,2,2,2,3,2,3,2,1,3,3,1,1,1,2,1,1,2,3,1,1,1,1,1288
2,0,2,2,2,2,3,3,0,2,2,1,1,1,1,2,1,1,2,1,1,2,1,2,1,1,1,643
2,2,2,2,1,1,2,4,2,2,2,1,2,1,1,1,1,1,1,1,2,1,1,1,1,0,1,783
2,2,2,2,2,4,4,4,2,2,2,3,2,2,2,2,2,1,3,2,2,1,3,3,2,2,2,1852
2,2,2,2,2,2,2,1,2,2,1,1,1,1,1,1,1,1,1,1,1,1,1,3,1,0,1,1378
0,1,1,1,4,2,2,2,0,0,0,1,1,1,1,1,1,1,1,1,1,1,1,1,1,1,1,627
2,1,3,2,0,1,2,1,3,1,2,2,3,3,3,2,1,1,1,0,3,0,0,1,1,0,1,139
3,2,4,0,3,3,2,2,4,4,2,3,1,3,3,3,3,0,3,3,3,2,1,2,2,0,2,1072
0,2,3,3,0,1,2,3,2,2,1,1,1,1,1,1,1,1,1,3,3,3,1,1,1,1,1,454
3,3,2,2,2,2,1,1,4,3,3,2,2,2,2,2,3,2,2,2,2,2,2,2,2,2,2,1249
3,2,3,2,2,2,2,3,2,2,2,1,1,1,2,2,1,1,1,1,1,0,1,0,1,0,1,583
4,3,4,3,1,2,1,2,4,4,3,3,3,3,3,3,3,1,3,3,3,2,3,3,2,1,2,1710
4,4,4,4,4,4,4,4,4,4,3,0,3,3,3,3,3,0,3,3,3,2,3,2,2,3,2,1813
2,2,2,2,2,2,2,2,2,2,2,2,2,1,1,1,1,1,0,0,0,0,2,2,0,2,1,405
2,2,2,2,2,2,2,3,3,3,2,1,2,2,1,2,2,3,1,1,1,0,3,1,1,1,1,1057
3,4,4,3,2,2,2,2,2,3,1,1,2,2,2,2,2,1,2,2,2,2,1,1,1,1,1,622
2,3,4,2,1,1,1,2,2,2,2,2,2,1,1,2,2,1,1,1,2,1,2,1,1,2,1,697
4,4,4,3,2,4,4,1,4,4,3,3,3,3,3,3,3,0,3,3,3,3,3,3,0,3,2,381
4,2,4,4,3,4,3,3,3,3,3,3,3,3,3,3,3,1,3,0,3,2,3,3,3,0,2,827
2,0,4,4,4,4,4,4,4,4,3,2,2,2,2,2,2,2,2,2,2,2,2,2,2,2,2,1135
4,3,4,4,3,2,2,1,4,4,2,3,1,2,1,2,3,2,2,3,3,2,3,3,3,0,2,1450
2,2,3,2,2,2,2,2,4,2,2,1,2,2,2,2,2,1,1,2,2,1,2,2,2,2,1,1671
2,4,3,3,2,2,2,2,2,3,1,3,3,1,2,1,2,1,2,1,3,3,3,2,2,3,1,1953
0,0,0,0,3,4,2,2,0,1,0,1,0,0,0,0,0,0,0,0,0,0,0,0,0,0,0,1482
2,2,2,2,2,2,2,2,1,0,2,3,3,2,2,3,3,2,3,3,2,3,2,3,3,3,2,512
4,2,1,1,2,4,2,3,2,1,1,1,1,1,0,2,2,1,2,1,2,2,1,2,2,2,1,157
0,0,0,2,2,2,2,3,1,1,1,1,1,1,1,1,1,1,1,1,1,1,1,1,1,1,1,1642
2,2,2,2,2,2,2,2,2,3,1,1,2,1,2,1,1,2,1,2,2,2,1,2,3,0,1,458
2,2,2,2,2,2,2,2,2,2,2,2,2,2,2,2,2,1,1,1,1,1,1,1,1,1,1,2012
1,0,2,2,2,2,2,2,2,2,2,1,1,1,1,1,1,1,1,1,1,1,1,1,1,1,1,1074
4,3,3,4,1,0,2,2,4,4,2,3,2,2,3,3,3,3,3,2,2,1,2,1,2,0,2,124
3,3,3,2,2,2,2,2,3,3,2,1,1,1,2,3,2,1,1,3,3,1,2,2,1,1,1,1583
2,3,3,3,2,2,0,0,3,3,1,2,3,0,1,2,2,2,2,3,2,2,3,2,1,1,1,1136
4,3,4,4,2,3,3,4,2,4,3,3,3,3,3,3,3,1,3,3,3,0,2,3,1,1,2,197
3,2,3,0,2,1,1,2,2,3,2,2,2,1,2,3,2,3,1,1,0,3,1,3,2,0,1,141
0,4,4,0,3,0,0,4,4,0,2,1,1,1,0,2,1,1,0,1,1,3,2,1,0,0,1,1353
3,2,3,2,0,2,0,1,2,2,1,1,1,1,2,1,1,2,1,1,1,1,1,1,1,0,1,149
2,2,2,2,2,4,3,4,2,2,3,3,0,3,3,1,3,2,2,1,1,1,1,1,0,0,1,1475
3,2,3,3,1,2,1,2,3,3,2,1,1,2,2,2,2,1,2,2,3,3,2,2,3,0,1,1139
1,2,4,3,2,4,1,1,1,2,2,1,1,1,1,1,1,2,1,1,2,1,3,1,1,0,1,724
3,2,3,2,2,2,2,2,1,2,2,1,3,3,3,2,1,2,2,2,2,2,2,2,2,1,2,792
4,4,4,2,2,2,2,2,3,4,2,1,3,2,3,1,3,0,2,1,1,1,1,3,3,0,2,1162
0,1,2,4,4,1,2,2,2,2,0,0,0,0,0,1,1,0,0,1,0,0,0,0,0,0,0,73
2,2,4,2,2,2,2,2,2,2,1,3,3,3,3,2,1,3,3,1,3,1,3,3,3,0,2,936
3,3,3,3,1,1,1,1,3,3,2,3,0,0,0,0,0,0,0,0,0,0,0,0,0,0,1,846
4,4,4,4,3,2,2,3,4,2,3,0,3,3,3,2,2,3,3,3,3,2,3,3,2,3,2,568
2,2,3,3,2,2,2,3,2,2,1,1,1,1,1,1,1,1,1,1,1,1,1,1,1,1,1,474
2,1,2,1,2,0,2,4,2,2,1,1,0,1,0,1,1,2,0,0,1,0,0,0,0,0,1,931
4,3,4,4,3,3,2,3,4,4,2,2,3,1,1,2,2,1,3,2,3,2,2,1,1,3,2,1128
1,2,3,3,2,2,2,2,3,4,1,1,3,3,3,3,3,1,2,3,3,3,2,2,2,1,2,13
4,4,4,4,4,4,4,4,4,4,3,3,3,3,3,3,3,3,3,3,3,3,3,3,3,3,2,409
2,2,3,2,1,1,2,2,3,3,2,1,2,2,2,2,1,2,3,2,1,2,2,1,2,2,1,1224
3,1,2,2,2,3,2,3,1,2,2,1,1,1,1,2,2,2,2,1,2,2,2,2,1,1,1,1735
4,4,4,2,2,2,4,2,4,4,3,0,3,3,1,1,3,1,3,3,3,1,3,0,3,3,2,4
2,2,2,2,2,2,2,2,2,2,1,1,1,1,1,1,1,1,1,1,1,1,1,1,1,1,1,745
2,2,2,0,2,2,3,3,2,2,2,2,1,2,2,2,2,1,2,2,2,2,2,2,2,2,1,973
1,2,2,2,2,2,2,4,2,2,3,2,1,3,2,2,3,1,2,3,2,2,3,3,1,1,2,868
2,2,2,2,2,2,2,2,2,2,1,1,1,1,1,1,1,1,1,1,1,1,1,1,1,1,1,247
1,3,2,1,1,3,1,1,1,2,2,3,3,2,3,3,2,3,2,2,2,2,1,3,2,1,2,1679
0,0,0,0,4,4,4,1,0,0,3,0,3,3,3,3,3,0,3,3,3,3,3,3,3,3,2,660
2,3,0,2,3,3,3,3,1,2,0,1,2,2,3,3,3,1,1,2,2,3,2,1,3,1,1,434
2,2,2,3,2,2,3,2,3,3,1,1,3,1,1,3,1,1,1,0,1,1,0,1,2,0,1,1254
4,4,4,4,1,2,2,2,4,4,3,2,3,3,3,2,2,2,2,1,3,1,3,1,1,3,2,1981
2,1,1,1,1,1,1,1,2,2,1,1,0,1,0,1,1,2,1,0,1,1,1,2,3,1,1,1684
3,2,3,2,1,2,1,1,2,2,1,1,2,1,1,1,1,1,1,2,3,1,1,0,2,0,1,1568
2,2,3,3,2,0,2,2,4,3,1,1,1,1,1,1,3,1,1,2,2,2,2,2,2,2,1,1402
1,1,2,1,3,2,3,3,1,1,1,2,1,1,1,1,1,1,1,1,1,1,1,1,1,1,1,435
3,4,4,4,0,3,3,3,4,4,3,3,3,3,3,3,3,3,3,3,3,1,3,3,3,3,2,1802
2,2,3,1,1,1,1,1,3,2,1,3,0,2,2,2,3,1,0,1,2,2,1,1,0,0,1,1469
2,2,4,4,2,3,2,4,4,3,3,3,3,2,2,2,2,1,3,3,3,2,3,2,2,1,2,1114
0,3,4,2,2,4,2,3,3,2,2,3,3,2,3,3,2,1,3,3,2,1,2,2,2,0,2,1987
4,3,4,2,2,3,3,4,4,4,3,3,3,3,2,3,3,2,3,3,3,3,2,2,2,2,2,891
4,4,4,4,3,2,4,4,4,4,3,3,3,3,3,3,3,1,3,2,3,3,3,3,3,0,2,829
2,2,2,0,3,2,2,2,2,2,1,1,1,1,1,1,1,1,1,1,1,1,1,1,1,0,1,869
3,4,3,4,2,2,2,3,3,3,2,2,2,2,2,2,2,1,2,3,3,3,3,2,1,1,2,238
3,4,2,2,1,2,1,2,2,2,1,2,1,2,1,1,0,2,0,1,1,1,1,1,0,0,1,376
1,3,2,2,0,0,0,0,2,2,1,3,1,1,2,2,3,1,1,2,2,2,0,2,2,0,1,261
4,4,4,3,2,2,0,4,3,3,3,1,3,3,2,1,3,1,3,3,3,1,3,3,1,1,2,1204
2,1,2,0,0,2,1,0,2,1,1,1,1,2,1,1,1,2,1,1,1,1,1,1,1,1,1,808
3,2,2,2,1,3,2,3,2,0,2,3,1,3,3,3,1,2,2,3,2,1,3,0,1,2,2,695
0,1,2,2,2,2,3,2,2,2,1,2,2,1,1,2,2,3,2,1,2,0,1,2,1,1,1,1081
4,4,4,4,2,3,2,3,4,4,3,3,3,3,3,3,3,0,3,3,3,3,3,1,3,1,2,1549
2,1,3,3,4,3,2,3,2,1,2,2,2,1,2,1,2,2,1,1,2,1,1,2,1,0,1,1325
4,2,3,2,1,1,2,1,4,2,1,2,2,3,1,1,0,1,2,2,1,1,2,0,1,1,1,62
0,0,1,2,2,2,2,2,2,2,0,1,2,1,1,2,1,3,1,0,2,2,1,1,1,0,1,738
1,1,1,1,2,3,2,3,1,2,1,1,2,1,1,2,3,1,3,3,2,1,0,0,1,1,1,1389
2,2,4,2,1,3,2,1,3,2,3,1,1,3,3,3,1,1,3,1,3,1,3,1,1,3,2,1797
2,1,3,3,1,1,1,1,2,3,2,1,1,1,1,0,0,0,1,2,2,2,2,2,1,0,1,943
0,0,0,0,4,3,4,4,0,0,0,0,0,0,0,0,0,0,0,0,0,0,0,0,0,0,0,2
2,0,2,2,3,3,3,4,4,2,1,2,1,1,1,1,1,2,1,1,1,1,2,3,2,3,1,610
3,3,3,3,2,1,1,1,3,3,2,1,2,2,2,2,2,2,2,1,3,2,2,2,2,1,1,779
2,2,3,3,1,1,2,3,2,2,2,1,1,1,2,2,3,3,2,2,2,2,1,2,1,1,1,1084
3,1,4,4,2,2,3,3,2,4,3,3,1,3,2,3,2,2,1,1,2,0,1,1,2,0,2,964
2,2,2,2,2,2,2,4,2,2,1,2,3,1,1,2,2,1,3,3,2,2,1,3,2,1,1,752
2,2,2,1,0,0,0,1,3,3,1,0,1,0,1,0,0,3,0,0,1,1,0,0,0,0,1,1197
4,0,0,0,4,4,4,4,0,0,1,1,1,1,1,1,1,1,1,1,1,1,1,1,1,1,1,1170
4,4,3,4,1,3,1,2,2,4,3,1,3,1,1,2,2,1,2,2,2,1,2,3,1,1,2,1059
2,3,4,1,0,0,2,4,2,2,1,1,2,1,3,1,1,1,1,1,1,0,3,1,1,0,1,59
2,2,1,2,2,2,2,2,2,2,2,2,3,3,3,3,3,3,3,3,3,3,3,3,3,3,2,1153
4,4,4,4,2,3,2,3,4,4,3,3,3,3,3,3,3,0,3,3,3,3,3,1,3,1,2,1533
2,2,2,2,2,2,2,2,2,2,1,1,1,1,1,1,1,0,0,2,2,2,2,2,2,2,1,375
2,2,4,0,3,1,1,2,1,3,2,0,2,3,2,2,2,1,1,1,3,0,2,2,1,0,1,90
1,1,2,2,1,1,1,0,2,2,1,1,1,0,0,0,0,2,1,1,1,1,0,1,1,0,0,653
3,3,4,3,2,2,3,2,3,3,3,1,1,1,1,1,1,0,0,0,0,1,3,1,2,1,1,754
3,3,4,3,2,3,2,2,4,3,3,3,3,2,3,3,2,3,3,3,3,2,1,3,2,0,2,1570
2,2,2,1,1,1,1,0,2,2,1,1,1,1,1,1,1,1,1,0,1,0,1,1,0,0,1,1127
0,1,3,4,0,3,1,3,2,3,0,1,2,1,2,2,2,1,1,0,0,0,0,1,1,3,1,1208
2,2,4,2,2,4,2,0,2,4,3,1,3,3,3,3,3,3,3,2,3,3,3,2,3,0,2,1711
0,2,1,2,0,1,2,2,2,2,3,1,0,1,3,1,0,3,0,1,0,1,0,1,0,0,1,621
3,3,4,3,2,3,3,3,3,3,3,2,2,2,3,3,3,1,3,2,2,2,1,1,1,0,2,735
2,2,2,2,2,0,2,2,2,2,2,2,0,2,1,2,2,3,2,2,1,1,0,0,0,0,1,1016
3,4,4,3,4,3,3,4,3,4,2,3,2,2,3,2,2,1,2,2,1,2,3,1,0,2,2,473
3,2,2,0,1,4,0,3,1,2,1,2,0,1,1,2,1,2,1,0,2,2,3,0,2,1,1,1051
3,3,3,1,1,1,3,1,2,1,1,1,2,1,0,0,3,0,1,3,1,0,1,0,3,0,1,280
3,4,3,2,1,2,2,3,4,4,2,2,1,1,1,1,1,1,2,3,2,2,3,1,2,2,2,104
4,4,3,4,2,2,1,2,4,4,3,2,3,2,3,2,3,3,3,1,2,1,3,3,3,3,2,1411
1,1,1,1,3,2,2,2,2,1,1,3,1,3,2,1,3,3,1,1,2,1,2,3,3,3,1,296
1,1,1,1,0,0,0,0,0,2,0,0,0,0,0,2,0,2,0,0,1,0,0,0,0,0,0,1641
1,2,4,2,1,2,2,2,2,3,2,2,1,2,2,1,1,0,3,2,2,2,3,2,1,2,1,976
1,2,2,1,2,2,2,2,2,1,1,0,1,1,1,1,1,3,1,1,1,1,1,1,0,1,1,1297
2,4,4,4,3,3,4,3,2,4,2,3,3,3,3,3,3,3,3,3,3,2,2,2,2,1,2,911
1,2,0,2,3,1,2,2,2,2,1,1,2,2,1,1,0,2,2,2,2,1,2,1,1,2,1,1203
2,2,4,4,1,3,2,1,3,3,2,1,1,1,1,3,1,2,1,2,2,1,1,1,1,2,1,99
2,1,2,1,1,3,3,3,2,2,1,2,2,1,2,2,3,1,3,3,2,1,2,2,0,1,1,555
2,0,2,2,1,4,4,2,2,0,0,0,1,0,2,0,0,0,0,1,1,0,0,1,1,0,0,1210
2,2,2,2,2,4,2,2,2,2,2,2,1,1,1,1,1,1,2,1,2,1,2,3,1,3,1,120
0,0,2,0,2,4,4,4,2,2,2,2,2,1,1,1,1,1,2,1,1,2,2,2,0,1,1,249
4,2,4,2,3,2,2,2,2,2,1,3,1,1,3,3,1,3,3,3,3,1,3,2,1,2,1,1021
2,2,2,0,0,1,4,0,3,0,1,0,1,2,2,0,1,3,1,1,1,1,3,1,0,0,1,909
0,2,2,2,2,2,3,3,2,2,1,1,1,1,3,3,0,1,1,1,1,1,1,1,1,1,1,1416
4,3,3,4,1,0,2,2,4,4,2,3,2,2,3,3,3,3,3,2,2,1,2,1,2,0,2,873
2,1,2,1,0,0,1,1,1,1,1,0,2,0,0,1,1,3,0,1,1,1,0,1,0,0,1,681
4,4,2,2,2,2,2,2,2,2,2,2,2,2,2,2,2,2,2,2,2,2,2,2,2,2,1,1656
3,2,3,2,2,3,1,2,2,3,2,1,1,2,1,1,2,1,1,2,3,2,1,2,1,0,1,402
3,2,4,2,1,2,3,2,3,3,2,3,2,2,3,2,2,1,3,3,3,2,3,2,3,3,2,531
2,1,2,2,2,2,2,2,2,2,2,2,2,2,2,2,2,2,2,2,2,2,2,2,2,2,1,1147
2,2,4,2,1,4,2,4,4,2,1,3,2,3,3,1,3,1,3,1,1,3,2,3,1,0,2,443
4,3,4,4,1,2,1,1,4,2,3,3,3,2,2,3,0,2,3,3,3,3,3,2,2,2,2,353
2,2,2,0,4,3,3,3,0,0,0,0,1,1,1,1,0,2,2,0,0,1,3,1,1,1,1,721
1,1,1,1,3,3,3,3,1,1,0,0,0,0,0,0,0,1,0,0,0,1,0,0,0,1,0,609
2,2,3,4,2,3,3,2,3,3,2,2,1,2,3,1,0,2,1,2,1,2,1,1,1,2,1,896
2,2,2,2,2,2,2,2,2,2,1,2,2,2,2,2,2,2,2,2,2,2,2,2,2,2,1,786
4,3,3,2,3,2,1,2,4,3,1,2,2,3,3,3,3,2,3,2,3,3,3,2,3,3,2,1829
0,0,1,0,0,0,2,0,0,0,0,0,1,0,0,0,0,1,0,1,0,0,1,0,1,1,0,1662
2,3,4,4,0,2,1,1,4,3,3,2,3,3,3,0,2,3,2,3,1,0,3,3,2,3,2,642
4,4,4,4,0,0,0,2,1,4,2,2,3,0,2,1,0,3,3,2,2,1,0,1,0,2,1,1901
2,1,3,2,0,2,0,2,2,0,2,3,3,1,2,3,3,0,3,3,3,3,3,3,3,2,2,71
3,2,3,2,2,2,1,2,2,2,2,2,2,1,2,1,1,1,3,3,2,1,3,2,2,2,1,1618
4,4,4,3,3,4,4,4,4,4,3,2,0,3,2,2,3,3,2,3,1,3,1,1,2,0,2,1714
4,4,4,4,2,3,3,2,4,4,2,2,2,1,1,2,3,2,3,0,2,2,2,2,1,2,2,84
3,4,4,4,3,4,3,3,4,4,3,3,3,2,3,2,3,3,3,3,3,3,3,3,1,3,2,385
4,3,4,4,3,3,3,3,4,4,3,3,3,3,3,3,3,2,3,3,3,3,3,3,3,3,2,703
2,2,2,2,4,4,3,4,2,2,2,2,2,2,2,2,2,2,2,2,2,2,2,2,2,2,2,215
1,0,2,1,3,3,3,3,1,1,1,2,1,1,1,1,1,1,1,0,1,0,1,2,1,1,1,1038
2,1,3,3,2,2,2,1,2,2,1,2,1,1,2,1,2,1,2,0,1,0,1,1,0,1,1,1612
2,1,1,2,1,1,1,2,2,1,0,1,1,1,1,1,1,1,1,1,1,0,0,1,0,0,1,1729
1,0,2,2,2,2,2,2,0,0,0,0,0,0,0,3,0,1,1,1,3,0,1,1,0,0,0,1616
4,3,4,4,3,3,3,3,0,4,2,2,1,2,2,3,1,1,2,0,0,1,2,2,1,0,1,509
3,4,4,2,2,3,2,3,1,3,2,1,3,2,2,3,2,2,3,2,3,1,2,3,2,0,2,46
4,3,3,3,2,2,1,3,2,3,1,1,1,2,2,0,1,1,1,2,1,1,3,2,1,2,1,1523
4,4,4,3,2,2,2,2,4,2,3,0,0,3,2,2,1,2,2,3,3,2,3,0,1,3,2,1515
1,1,2,2,1,0,4,3,2,2,0,0,1,1,0,1,1,3,1,2,2,1,2,1,1,1,1,899
0,0,0,0,4,4,2,4,0,2,0,0,0,3,0,1,0,3,0,0,0,0,1,0,0,0,0,263
2,2,2,2,3,3,3,3,2,2,3,3,3,2,3,3,3,2,3,3,3,1,3,3,3,3,2,459
0,0,2,3,0,3,2,2,2,2,2,1,2,2,3,3,3,1,3,1,1,1,1,0,1,0,1,962
3,3,2,2,1,1,1,2,3,3,2,2,2,1,2,1,1,2,1,2,1,2,2,1,2,1,1,1367
2,2,2,2,2,2,2,2,2,2,3,3,3,3,3,3,3,1,1,1,1,1,1,1,1,1,1,172
4,4,4,4,0,0,0,0,4,4,3,3,3,3,3,3,3,3,3,3,3,3,3,3,3,3,2,922
4,2,2,2,2,2,2,2,2,2,2,1,1,1,1,1,1,1,1,1,1,1,1,1,1,1,1,1522
2,1,2,1,1,1,1,2,2,2,1,1,1,2,2,2,3,2,2,3,3,3,3,3,3,0,1,666
2,2,3,4,1,3,3,2,4,3,1,0,2,1,1,3,1,0,1,0,3,1,0,1,0,0,1,1261
3,4,4,4,3,3,0,4,4,4,3,0,3,3,3,3,3,0,3,0,3,2,3,3,3,3,2,913
0,1,0,0,4,2,2,2,0,0,0,0,0,0,0,0,0,0,0,0,0,0,0,0,0,0,0,927
2,2,2,2,2,2,2,2,2,2,1,1,1,1,1,1,1,1,1,1,1,1,1,1,1,0,1,920
4,0,4,4,0,4,3,2,2,2,3,2,2,2,2,2,2,1,3,3,3,3,3,3,3,3,2,471
2,1,2,1,1,2,1,4,2,3,1,1,1,1,1,1,0,2,1,1,1,1,2,0,0,0,1,121
1,1,2,1,1,1,0,1,2,2,1,1,1,1,1,1,1,2,1,1,1,1,0,1,1,0,1,1928
3,2,3,1,1,2,2,0,1,2,2,1,1,1,1,1,2,1,1,0,1,0,1,1,0,0,1,300
0,2,0,0,2,4,2,2,0,0,1,0,3,0,2,2,0,0,0,1,1,0,0,0,0,0,0,265
4,4,4,4,4,4,4,4,0,0,3,3,3,3,2,3,2,3,3,3,3,2,2,3,0,1,2,1882
3,4,4,4,0,4,3,4,4,4,3,3,0,3,3,3,3,1,3,2,3,0,3,0,2,2,2,266
0,0,1,1,3,3,3,3,1,1,0,0,0,0,0,0,0,1,0,0,0,0,0,0,0,0,0,1983
0,0,1,0,3,2,3,2,1,2,1,0,2,1,0,0,1,0,0,0,0,1,0,1,1,1,1,974
1,3,3,3,2,2,2,3,2,2,2,3,2,2,3,3,3,1,2,2,2,1,2,1,1,3,2,582
2,1,1,0,4,4,4,4,0,0,0,0,0,0,0,0,0,1,0,0,1,2,1,2,2,1,1,1029
4,3,4,4,2,2,1,0,4,4,3,3,2,3,3,3,3,1,3,1,3,2,3,0,2,3,2,665
4,1,3,2,2,2,1,1,3,2,1,1,1,1,1,3,1,1,1,3,2,1,1,1,0,0,1,89
3,2,2,2,2,2,2,2,1,3,2,2,3,2,3,3,3,3,3,3,3,2,3,3,3,3,2,19
3,3,1,2,2,2,2,1,1,3,2,3,0,2,2,2,1,3,2,1,2,2,1,3,2,1,1,132
2,2,2,2,1,3,2,3,4,3,0,2,3,2,2,2,2,3,2,3,3,3,3,1,3,3,1,624
2,2,3,3,1,2,2,2,2,2,1,1,1,1,1,1,1,0,1,0,2,0,1,1,1,1,1,1058
4,1,4,3,2,2,1,3,4,3,2,2,2,2,2,1,3,1,3,2,2,3,3,2,1,3,2,572
2,2,2,2,3,3,3,3,2,2,2,3,0,1,0,0,1,0,1,0,1,0,3,0,0,0,1,1155
2,1,2,2,2,2,2,2,1,2,1,1,1,1,2,2,1,1,2,1,1,0,1,1,1,0,1,1709
4,4,4,4,3,4,1,4,4,4,2,3,1,2,3,3,3,1,3,2,3,2,3,3,3,1,2,1960
0,1,2,0,3,1,1,2,1,1,0,0,0,0,1,0,1,2,1,0,1,2,0,1,0,0,0,384
4,4,4,0,2,1,2,2,4,4,3,3,1,1,3,3,3,1,3,1,1,0,3,2,1,1,2,1019
2,1,2,2,2,1,2,3,2,2,1,1,1,3,1,2,0,1,2,2,2,1,1,1,1,2,1,1760
1,2,3,3,1,1,1,3,3,3,3,3,1,3,3,2,3,2,2,3,3,3,3,1,0,3,2,1686
2,3,4,4,3,3,3,4,4,4,3,0,3,2,2,3,3,2,3,3,2,2,3,3,0,1,2,757
2,2,3,3,3,1,0,2,4,4,2,2,2,2,2,2,2,2,2,2,2,2,2,2,2,0,1,438
2,3,2,2,1,1,1,1,1,1,1,1,2,1,2,0,2,3,1,3,3,2,1,0,1,0,1,1768
4,3,3,4,1,3,1,2,3,3,2,1,2,3,2,2,1,1,2,2,3,2,1,2,2,1,2,1226
1,1,2,1,0,1,1,2,2,2,1,1,1,1,1,1,0,1,0,1,1,1,0,1,0,0,1,502
2,3,3,2,2,0,2,0,3,2,2,3,1,3,3,3,3,1,2,3,3,1,2,3,1,1,2,713
4,4,4,4,4,2,4,4,4,4,3,3,3,3,3,3,3,1,1,1,0,2,0,2,3,2,2,1493
3,3,4,3,2,4,3,3,4,3,2,2,2,2,2,2,3,1,2,2,2,2,3,3,3,3,2,1429
3,2,4,3,2,3,1,3,3,3,2,1,3,1,2,2,3,1,2,3,1,1,1,1,0,3,1,1828
4,4,4,4,0,3,3,2,4,4,3,3,3,3,3,3,3,3,3,3,3,3,3,3,3,3,2,388
3,4,4,3,2,3,3,2,3,3,3,3,3,2,1,0,1,3,2,3,3,2,2,2,1,0,2,1919
2,2,4,3,2,4,2,2,4,2,3,3,3,3,3,3,3,1,3,1,2,2,3,1,3,3,2,2001
2,2,4,2,2,2,2,2,2,2,1,0,0,1,0,1,1,2,0,0,1,1,2,0,0,0,1,716
0,0,0,2,2,2,4,2,2,2,1,0,1,2,2,1,2,1,2,2,2,2,2,1,1,2,1,246
4,4,4,4,3,4,4,3,4,3,3,0,0,3,3,2,3,0,3,3,3,3,3,3,2,3,2,871
2,4,3,1,2,3,1,3,4,2,2,1,1,2,1,1,1,1,0,1,1,2,1,1,1,0,1,1678
2,1,1,2,2,2,2,2,2,2,2,2,2,2,2,2,2,2,2,1,1,1,1,1,1,2,1,835
3,2,2,3,1,3,3,1,2,4,2,2,2,2,2,2,2,2,2,2,2,2,2,2,2,2,1,1518
3,3,3,3,2,1,1,2,1,1,1,1,1,1,1,1,0,1,1,2,1,1,1,1,1,0,1,468
2,1,2,3,2,2,2,2,2,2,0,0,0,0,0,0,0,0,0,0,0,0,0,0,0,0,0,638
4,4,4,4,4,1,3,4,3,4,3,3,3,3,3,2,3,1,3,3,3,3,3,3,2,3,2,1502
2,2,2,1,1,0,2,1,2,2,1,1,1,1,1,1,2,3,1,1,1,1,1,2,1,0,1,94
2,1,2,1,1,2,2,3,3,1,1,1,1,1,2,0,3,2,3,2,2,2,3,2,1,0,1,1918
2,2,3,2,2,2,1,2,3,2,2,1,1,2,3,1,2,1,2,2,2,1,2,2,1,2,1,1780
0,2,2,2,1,2,4,2,3,3,1,0,1,1,0,1,0,1,3,0,2,1,1,0,1,1,1,464
2,2,2,2,2,2,2,2,2,2,1,2,1,1,1,0,1,2,1,1,1,2,1,1,1,0,1,363
4,2,4,4,2,3,3,1,2,4,2,2,1,1,1,1,1,1,1,1,1,1,1,1,1,1,1,11
2,1,2,2,1,1,0,4,2,2,1,1,1,1,1,1,1,2,0,1,1,1,1,2,0,0,1,1053
4,2,2,4,2,2,2,2,2,2,0,1,1,1,0,1,2,1,2,0,2,2,0,1,0,0,1,1536
4,3,4,2,3,2,0,4,4,3,1,1,3,2,2,2,3,2,3,2,2,3,0,0,0,0,1,797
2,2,3,1,1,1,2,1,2,2,1,1,0,1,2,1,2,2,2,1,1,0,2,1,2,1,1,857
3,3,4,4,3,4,0,4,3,4,3,3,3,3,3,3,2,1,3,3,2,1,3,2,2,2,2,804
3,4,3,4,0,3,2,3,4,4,2,2,3,1,2,3,3,2,3,2,2,2,3,3,0,0,2,394
4,3,4,3,3,4,1,3,2,2,2,2,2,2,2,1,1,1,1,1,1,2,2,1,3,0,1,196
3,3,2,3,3,3,3,3,3,3,2,3,3,3,3,3,3,2,3,3,3,3,3,3,0,2,2,1091
1,1,2,2,0,1,2,1,2,2,1,1,2,1,2,2,1,1,1,1,3,3,1,2,2,2,1,644
3,1,3,2,1,1,1,1,3,3,1,2,2,2,2,2,2,1,1,0,0,0,2,1,1,0,1,407
4,4,4,4,3,3,3,2,3,4,3,3,3,3,3,3,2,1,3,2,3,2,3,2,1,1,2,1783
4,3,4,3,1,2,3,4,4,4,3,3,1,2,3,3,2,3,0,1,3,3,3,2,3,0,2,272
2,2,4,3,4,3,2,4,2,1,1,1,2,2,3,3,1,0,3,3,3,3,3,1,1,1,2,696
2,2,2,1,1,1,2,2,1,2,0,1,1,1,1,1,0,1,0,1,1,1,3,0,0,0,1,102
2,2,2,2,2,2,2,1,1,2,2,2,1,1,1,1,1,1,1,1,1,1,1,1,1,1,1,1343
1,3,3,3,2,3,3,4,4,4,2,3,2,2,2,2,2,0,1,1,3,3,3,3,2,0,2,904
0,0,4,2,0,0,0,1,2,3,1,1,2,1,0,2,0,2,1,3,1,0,0,1,1,0,1,785
2,2,2,2,2,2,2,2,2,2,1,1,1,1,1,1,1,1,1,1,1,1,1,1,1,1,1,1014
1,3,3,3,2,2,1,4,1,3,2,0,2,3,2,2,3,3,3,3,3,3,3,2,2,3,1,1843
2,2,2,2,2,2,2,2,2,2,2,3,0,3,3,3,3,0,1,3,3,3,3,0,2,3,2,1231
2,1,3,2,0,1,1,2,4,2,1,1,2,1,2,1,2,3,1,2,2,0,2,3,0,1,1,984
1,0,0,0,4,4,4,4,0,0,1,1,3,0,1,0,1,1,1,2,2,0,2,2,1,1,1,334
1,1,2,1,3,2,3,3,1,0,1,1,1,0,1,2,2,0,1,2,1,0,1,2,2,2,1,961
3,2,4,3,2,1,2,2,3,4,2,0,2,2,3,2,1,1,1,2,3,1,3,1,1,0,1,245
1,1,1,2,1,0,0,0,3,3,1,1,0,2,3,3,3,3,3,1,1,3,1,0,3,1,2,347
2,4,4,2,2,2,2,4,4,1,2,1,1,1,1,1,2,1,1,2,1,1,2,1,1,1,1,1860
2,2,2,2,0,0,4,4,2,1,1,0,2,1,1,1,1,0,1,3,3,3,0,0,0,2,1,1219
2,2,3,2,2,2,2,3,2,2,0,1,1,1,1,1,1,2,1,1,1,1,1,1,1,1,1,1321
3,2,3,2,2,2,2,2,2,2,1,1,1,1,1,1,1,1,1,1,1,1,1,1,1,1,1,344
3,1,3,2,2,2,1,4,0,1,2,2,1,1,1,0,0,1,1,0,2,0,3,3,1,1,1,106
0,0,2,2,1,1,2,2,2,0,0,1,1,1,1,1,0,1,1,0,3,0,0,0,0,0,1,1851
2,2,2,2,1,2,2,2,2,2,1,1,1,1,0,1,0,1,1,1,1,1,0,0,0,0,1,1175
0,0,1,0,3,3,3,2,1,1,1,1,1,1,0,0,0,1,0,0,2,1,1,1,0,0,1,495
4,4,4,3,2,3,3,2,4,2,3,3,3,3,3,3,3,1,3,0,3,0,2,2,3,3,2,223
4,4,4,1,1,2,3,2,2,1,1,2,3,3,1,1,2,3,2,1,1,1,1,1,2,2,1,1638
1,2,2,2,2,1,2,2,2,2,2,2,2,2,1,1,2,2,2,2,2,2,2,1,3,3,1,736
2,4,3,2,1,2,2,1,2,3,2,2,2,2,2,2,3,2,2,3,2,0,2,2,2,0,2,221
2,4,4,4,2,3,2,3,3,4,3,3,0,2,2,3,3,1,3,3,3,3,3,3,3,3,2,1982
4,3,4,4,4,2,3,3,3,4,2,1,2,2,3,2,3,1,2,3,2,3,3,3,3,1,2,567
4,4,4,4,3,4,4,4,4,4,3,0,3,3,3,3,3,0,3,3,3,3,3,3,3,1,2,1737
2,4,4,4,0,1,1,1,3,2,3,2,3,2,3,3,3,3,3,1,2,1,3,1,3,1,2,1668
2,1,1,1,2,1,2,1,1,0,1,1,0,1,1,0,1,2,2,3,0,1,0,2,0,0,1,448
2,3,3,2,2,2,2,2,2,2,1,1,1,1,1,0,1,2,2,0,1,0,1,0,0,0,1,1451
2,3,2,4,1,1,2,2,2,2,2,1,1,2,2,1,1,2,2,2,2,2,1,2,1,2,1,533
3,3,4,4,3,2,3,1,3,4,2,3,3,3,3,3,2,1,2,1,3,3,3,3,0,0,2,1459
3,3,3,2,0,1,1,1,2,3,1,1,0,1,1,1,2,2,1,3,3,1,3,2,2,1,1,524
3,3,4,4,2,3,2,2,3,4,3,3,3,2,3,2,1,1,2,3,2,2,3,3,1,0,2,926
4,4,4,4,0,3,3,3,4,4,2,2,2,2,2,2,2,0,3,2,2,3,3,2,1,2,2,580
3,4,4,4,3,2,3,3,4,4,2,3,3,1,3,0,3,0,2,2,1,0,3,1,0,0,2,477
2,2,3,3,3,4,3,2,2,4,2,2,3,2,2,2,2,2,3,3,3,3,3,3,3,1,2,728
2,2,2,2,1,3,3,2,1,1,1,2,1,1,1,0,0,0,1,1,2,0,1,1,2,0,1,1808
3,3,4,2,2,1,2,2,3,3,3,2,2,2,3,2,3,1,2,1,2,1,2,1,1,1,1,1934
0,2,1,2,3,2,2,2,2,2,2,1,1,1,1,1,1,1,1,1,1,1,1,1,1,1,1,1474
2,2,2,1,2,2,3,1,2,2,1,1,1,1,1,1,1,1,1,1,1,1,1,1,1,0,1,1471
4,3,2,1,1,2,2,2,3,2,1,1,1,2,2,2,2,2,1,1,1,3,2,2,1,2,1,1306
0,0,2,1,2,4,2,2,1,0,2,3,1,2,3,3,1,3,3,0,3,1,1,1,0,0,1,479
2,2,2,2,1,0,1,3,4,4,1,0,3,3,2,2,2,0,0,0,0,1,1,1,0,0,1,259
2,2,3,3,2,3,1,2,2,2,2,2,2,2,2,2,2,3,3,3,3,3,3,2,2,2,1,1724
1,2,3,1,3,2,2,3,2,2,1,1,1,2,1,1,1,2,1,1,1,1,1,1,0,1,1,908
0,0,2,0,4,2,1,2,2,0,1,1,1,1,1,1,1,1,0,0,1,1,1,1,1,0,1,1509
1,2,2,3,2,3,3,2,3,3,2,1,3,2,1,2,1,1,1,1,2,2,1,1,1,0,1,1432
4,3,4,4,0,4,4,2,4,4,3,3,3,3,2,3,3,3,3,3,3,3,3,0,0,0,2,581
2,3,3,3,0,0,1,0,3,3,3,1,0,2,2,2,1,1,3,0,3,1,1,1,1,1,1,1650
2,2,2,3,0,0,2,1,2,4,1,1,2,1,1,1,1,1,1,1,1,1,1,1,1,0,1,506
3,2,3,3,2,3,2,1,1,4,2,1,1,1,3,2,3,3,1,1,3,3,3,3,3,2,1,1259
2,2,3,2,2,2,2,2,2,2,2,2,2,1,2,1,2,1,1,1,1,1,1,0,0,1,1,1927
0,0,0,0,4,4,4,4,0,0,0,0,0,0,0,0,0,0,0,0,0,0,0,0,0,0,0,828
1,1,1,1,1,1,1,1,0,1,1,3,1,0,0,1,1,0,1,0,1,1,0,1,0,0,0,924
1,1,1,1,2,1,0,1,4,2,0,1,1,1,2,1,1,2,1,2,2,0,2,2,1,0,1,981
2,2,2,3,2,2,2,2,3,2,2,2,2,1,2,2,1,1,2,1,2,1,1,1,0,0,1,1985
0,3,3,3,2,4,2,4,2,2,3,3,3,3,3,3,3,1,3,3,3,3,3,3,3,0,2,1194
4,4,4,4,4,4,2,3,4,4,3,0,3,3,3,3,3,0,3,3,3,3,3,3,3,3,2,684
2,2,2,2,1,3,2,2,3,1,1,2,1,0,2,1,1,1,1,1,2,1,2,1,1,0,1,1472
2,2,2,2,2,2,2,2,2,2,1,1,1,0,1,2,1,3,1,1,1,1,0,0,0,0,1,1473
0,0,2,2,3,3,3,3,1,1,1,1,1,1,1,1,1,1,1,1,1,1,1,1,1,1,1,1734
2,2,2,1,0,1,0,1,3,1,2,2,2,1,2,1,1,3,2,1,1,1,2,2,2,2,2,1742
3,1,1,1,1,1,1,2,3,1,1,3,1,1,2,2,1,1,1,1,2,0,1,1,1,1,1,1689
2,2,2,2,2,2,2,2,2,2,1,1,1,1,1,1,1,1,0,0,3,1,1,1,1,0,1,444
3,4,3,2,2,2,2,1,3,3,2,2,2,1,2,1,3,2,3,1,2,2,2,1,1,3,1,1105
4,4,3,4,4,4,4,4,4,2,3,0,3,2,2,1,3,0,3,3,3,1,3,3,3,3,2,1886
4,4,4,4,0,0,4,3,4,2,3,3,3,3,3,3,3,3,3,3,3,1,3,3,3,3,2,39
3,3,4,2,2,1,2,3,3,3,1,2,2,2,2,1,1,2,2,2,1,0,2,1,1,0,1,915
4,4,4,4,4,4,4,4,4,4,3,0,3,3,3,3,3,0,3,3,3,2,3,1,1,3,2,2018
3,2,2,3,1,2,2,4,2,4,3,3,3,3,2,1,3,1,3,1,3,1,3,1,2,1,2,154
0,2,3,2,1,4,2,4,2,0,2,1,0,1,1,0,0,0,1,0,2,0,0,1,0,0,1,1361
0,2,2,2,4,4,0,0,0,3,1,3,2,3,3,2,1,1,3,0,2,3,3,2,1,3,2,1504
3,4,4,4,1,4,3,2,4,4,3,3,0,3,3,3,1,0,3,3,3,2,2,3,0,0,2,1152
2,1,2,0,1,2,1,2,2,1,1,1,2,2,1,3,1,1,0,0,2,1,1,0,0,0,1,569
2,2,4,3,3,2,1,3,2,1,1,1,2,1,2,2,1,2,1,2,2,1,1,0,0,0,1,1419
2,2,4,2,2,2,4,1,1,2,2,3,2,0,3,1,2,2,2,1,2,2,2,1,2,1,1,1035
4,2,4,1,1,2,2,2,2,4,2,1,1,1,1,1,1,1,1,1,1,2,2,1,1,2,1,456
2,1,4,3,2,1,2,2,3,3,1,3,3,2,3,2,3,3,2,3,3,3,1,3,1,0,2,416
4,2,4,4,2,3,3,2,4,3,3,3,3,3,2,1,3,3,3,3,3,1,2,3,3,0,2,1043
2,2,2,2,3,3,3,4,1,1,2,1,1,1,2,2,1,2,3,0,1,2,3,2,1,0,1,1269
3,4,4,3,0,0,3,2,4,4,3,3,3,3,3,3,3,1,2,3,3,3,3,3,3,0,2,539
2,3,4,4,2,3,2,3,4,4,1,2,2,2,2,1,0,0,0,0,1,0,1,1,0,0,0,1393
2,3,4,3,1,3,3,4,1,3,2,1,3,3,3,3,2,3,3,2,2,2,2,3,1,0,2,1848
1,1,1,1,1,1,1,2,2,2,1,0,0,0,0,0,0,2,0,1,1,1,1,1,1,1,0,1005
4,4,4,4,1,1,3,3,1,2,3,1,2,3,1,2,2,2,2,0,3,0,3,1,3,2,2,273
0,0,2,0,1,2,1,2,4,2,1,0,1,0,1,1,0,3,1,1,3,0,1,1,1,1,1,1365
4,4,3,3,2,0,2,1,4,4,2,2,2,2,2,3,3,3,3,2,3,1,3,3,2,3,2,1488
2,2,2,2,2,2,2,2,2,2,0,0,0,0,0,0,0,0,0,0,0,0,0,0,0,0,0,1964
4,4,4,4,0,0,0,0,4,4,3,3,3,3,3,3,3,1,3,0,3,0,2,2,2,0,1,365
2,2,2,3,1,1,2,2,3,2,2,2,2,2,2,2,2,2,2,2,2,2,2,2,2,2,1,948
4,4,4,4,0,0,0,0,4,4,2,2,2,2,2,2,2,2,2,2,2,2,2,2,2,2,1,303
2,2,2,2,2,2,2,2,2,2,2,1,0,1,2,2,2,2,2,1,2,1,2,1,1,2,1,1280
1,2,1,1,0,3,4,4,0,0,1,0,1,2,0,0,0,2,1,2,1,1,1,2,0,0,1,56
2,3,3,1,2,1,2,1,2,3,2,2,3,2,3,3,2,2,1,0,3,1,1,1,1,2,1,840
3,3,3,3,0,2,2,1,2,2,1,1,1,2,2,2,2,1,2,3,2,1,2,2,2,1,1,855
2,1,3,0,2,3,2,1,3,2,1,1,1,1,1,1,1,1,2,1,3,1,0,1,1,2,1,1169
2,2,2,2,2,2,2,2,2,2,2,2,2,2,2,2,2,2,2,2,2,2,2,2,2,2,1,864
4,2,4,4,2,1,2,4,4,2,2,3,2,3,2,2,3,1,3,1,3,3,3,2,3,3,2,1603
2,1,0,0,2,3,2,3,2,2,1,2,1,0,0,0,1,2,1,1,1,0,0,0,0,1,1,450
3,1,3,1,0,1,4,0,2,2,1,0,3,3,3,3,3,0,1,1,2,2,2,2,2,0,1,1887
2,1,1,1,2,2,2,4,1,1,1,1,1,0,1,1,0,2,1,1,1,1,2,1,2,2,1,1177
4,4,2,4,0,4,4,4,4,4,3,3,3,3,3,3,3,3,3,3,3,3,3,3,3,1,2,2007
2,2,2,2,2,2,2,2,2,2,1,1,1,1,1,1,1,1,1,1,1,1,1,1,1,1,1,1621
2,2,2,2,2,2,2,2,2,2,2,3,2,2,2,2,2,0,2,1,2,2,2,2,2,1,1,1741
3,2,4,2,1,2,2,3,4,4,3,3,2,3,3,3,3,1,3,1,3,3,3,3,1,0,2,1206
2,4,4,3,1,1,0,2,2,2,2,3,2,2,2,2,2,2,2,2,2,2,2,2,2,2,2,1895
3,3,2,2,1,1,1,1,2,4,2,2,2,2,1,1,1,2,2,2,2,2,2,2,1,2,1,517
4,4,3,4,2,0,0,3,3,4,3,3,3,3,3,3,3,3,3,3,3,3,3,3,3,3,2,30
4,4,4,4,0,4,4,2,4,4,3,0,0,3,3,3,3,0,3,3,3,3,3,3,3,3,2,1322
3,4,3,4,2,3,3,3,3,4,2,2,1,2,2,1,1,0,2,2,3,2,2,2,2,1,2,549
3,3,4,3,1,1,2,0,3,4,2,2,3,3,2,2,2,1,2,2,1,1,1,1,1,1,1,302
3,2,4,4,2,2,2,2,2,2,2,2,2,2,2,2,2,2,2,2,2,2,2,2,2,2,1,935
4,2,2,2,3,1,2,2,2,2,1,1,2,1,2,1,1,1,1,1,1,1,1,1,1,1,1,970
3,3,3,2,3,3,3,2,3,3,2,2,3,2,3,2,3,2,3,2,3,3,3,3,3,3,2,1764
4,4,4,3,2,2,3,4,4,4,2,3,2,1,3,2,3,2,2,3,2,2,3,3,3,1,2,42
2,2,3,4,0,2,2,4,3,2,2,2,2,2,2,1,2,1,2,1,2,2,1,1,2,2,1,2021
2,2,2,2,2,2,2,4,0,2,2,2,3,2,1,3,3,1,3,0,3,3,0,0,1,1,1,1137
3,3,4,3,2,3,2,3,3,4,1,2,2,2,2,2,2,0,2,2,2,2,2,0,2,1,1,641
2,3,4,3,2,3,3,3,3,4,2,2,2,3,1,2,3,3,3,3,2,3,2,2,1,1,2,1093
2,3,3,2,1,1,1,2,3,2,2,1,2,2,2,1,1,2,2,1,2,1,1,2,2,1,1,1748
0,0,0,0,1,1,1,2,1,1,1,1,1,1,1,1,1,0,0,1,1,0,0,0,0,0,0,768
2,2,2,1,2,4,2,4,0,1,2,1,2,1,2,1,0,1,2,2,2,2,0,1,1,0,1,1478
3,3,4,4,2,2,2,3,3,3,3,3,2,3,3,2,2,0,3,3,3,2,3,3,2,3,2,1264
2,3,3,4,2,3,1,2,3,4,3,3,3,3,3,3,3,2,2,3,3,2,2,3,1,0,2,51
3,3,3,3,2,3,2,2,2,2,3,1,0,3,3,3,2,2,3,1,1,1,3,1,3,3,2,698
2,1,2,1,2,2,1,2,1,2,1,2,1,0,1,1,1,1,1,1,2,0,3,0,0,2,1,171
2,2,2,1,0,1,1,1,3,4,1,1,1,1,1,1,1,3,1,1,1,1,1,0,1,0,1,1564
2,2,2,2,2,2,2,2,2,2,2,2,2,2,2,2,2,2,2,2,2,2,2,2,2,2,1,1078
3,3,3,2,2,2,3,2,3,3,3,3,3,2,2,2,3,3,3,3,3,3,2,3,3,3,2,618
1,1,1,2,1,1,1,1,2,2,0,0,0,0,0,0,0,0,0,0,0,0,0,0,0,0,0,1531
3,4,3,4,2,3,1,3,2,3,3,3,2,1,2,3,3,1,2,3,3,3,2,2,2,1,2,374
3,4,4,4,4,2,3,4,4,4,3,2,3,3,3,2,3,1,3,3,3,3,3,1,3,3,2,1452
3,3,3,2,1,2,0,0,2,4,2,3,1,3,3,3,3,3,3,3,2,3,2,3,3,2,2,787
3,3,4,3,2,3,2,2,3,3,2,2,2,1,2,1,1,2,1,2,3,3,2,2,1,0,2,1602
3,3,3,2,2,2,1,0,3,4,1,3,3,1,3,3,3,0,3,1,3,3,3,2,2,1,2,671
2,2,4,2,0,0,4,3,0,4,3,3,1,3,3,2,2,2,2,0,2,3,3,0,1,1,1,224
4,4,4,4,2,0,0,0,4,4,3,3,3,3,3,3,3,3,3,3,3,3,3,3,3,3,2,1834
2,2,3,3,1,2,1,2,4,2,1,1,1,1,2,2,1,2,1,2,1,1,2,2,1,2,1,842
3,4,4,3,2,3,1,4,3,2,3,2,2,3,3,2,1,1,3,0,1,2,3,3,2,2,2,584
4,4,4,4,0,0,0,4,4,0,3,3,0,3,3,3,3,1,3,0,3,0,3,0,3,0,1,212
4,4,4,4,2,3,2,4,4,2,3,3,3,3,3,3,3,1,1,3,3,0,3,2,2,3,2,2017
4,4,3,4,2,2,1,2,4,4,3,2,3,2,3,2,3,3,3,1,2,1,3,3,3,3,2,528
3,3,3,3,2,1,1,1,3,3,3,3,3,3,3,3,3,3,3,2,3,3,3,3,3,3,2,541
4,4,3,3,3,3,4,3,4,4,3,2,2,3,3,3,3,1,3,0,3,1,3,3,1,2,2,1942
2,2,2,2,2,3,2,2,2,2,2,1,1,1,2,1,1,1,1,1,1,0,1,1,0,0,1,1292
4,4,4,2,3,3,3,3,2,2,3,1,1,2,2,1,2,1,2,2,2,1,2,2,1,0,1,865
2,2,2,4,3,0,0,3,4,4,2,3,3,3,1,2,2,2,3,3,3,2,2,3,3,3,2,1611
3,3,2,2,1,2,2,2,2,3,1,1,1,1,1,2,1,1,1,1,1,0,1,1,1,0,1,481
1,1,2,2,2,2,2,2,2,2,1,1,1,1,1,1,1,1,1,1,1,1,1,1,1,1,1,526
3,4,2,2,1,2,2,2,2,2,2,1,1,1,0,1,1,1,1,1,1,1,1,1,2,3,1,1861
2,2,3,0,2,2,2,1,2,0,3,0,0,1,1,3,3,3,0,0,3,0,0,0,0,0,1,1467
2,2,4,2,0,1,2,2,2,3,2,3,3,2,3,3,3,2,2,2,2,2,2,2,2,3,2,530
2,2,2,3,1,3,1,3,2,3,2,2,1,2,3,2,3,3,3,3,3,3,2,3,1,2,2,161
2,2,2,2,3,4,2,3,2,0,3,2,2,2,2,2,3,2,3,3,1,2,2,0,2,1,2,1379
2,2,2,2,2,2,3,3,2,2,0,0,0,0,0,0,0,1,1,1,1,1,1,1,1,1,1,767
2,2,2,2,2,2,2,2,2,2,1,0,1,0,0,1,1,0,0,0,0,0,1,0,0,0,0,1759
3,3,3,4,2,2,2,2,2,3,2,2,1,1,1,1,0,2,1,1,2,1,0,0,0,0,1,1700
0,4,4,4,0,0,0,0,4,4,3,0,1,1,3,3,3,3,1,1,3,3,1,1,1,0,1,1839
4,4,4,4,3,4,3,0,4,4,3,1,3,3,3,3,3,2,3,3,3,3,2,2,0,3,2,1663
0,0,0,0,0,0,2,1,0,0,0,0,0,0,0,0,0,0,0,1,0,0,0,0,0,0,0,1148
3,1,2,2,1,1,1,2,2,2,1,1,1,2,2,1,1,1,2,2,2,1,2,1,1,1,1,1773
0,1,4,0,2,2,2,2,2,2,3,2,2,2,2,2,2,2,3,2,3,2,3,3,2,2,2,1955
3,2,4,2,1,1,2,1,2,2,2,3,2,2,3,2,1,1,2,2,2,1,1,2,2,0,1,587
3,2,1,1,1,2,3,3,2,2,0,1,1,1,1,1,1,2,1,1,1,1,1,1,1,1,1,1372
1,1,2,2,3,2,2,4,2,2,3,2,1,3,3,3,3,3,3,3,3,2,2,2,3,3,2,1574
2,3,4,4,0,2,1,1,2,3,1,3,2,2,2,1,1,2,2,2,1,0,1,2,1,1,1,50
4,4,4,3,3,3,3,3,3,4,2,2,2,3,3,2,1,2,1,2,3,2,3,2,0,1,2,23
4,3,4,3,2,3,3,1,4,3,3,2,2,3,3,2,3,2,3,2,3,2,3,2,1,3,2,1188
1,3,3,3,1,2,0,1,2,3,1,1,1,1,1,1,1,1,1,2,2,2,0,1,0,0,1,489
1,0,2,1,3,1,2,0,2,4,1,1,1,1,3,1,1,3,3,0,3,0,0,0,0,0,1,1438
0,2,2,2,2,2,2,3,1,1,1,1,1,1,1,1,1,1,1,1,1,1,1,1,1,0,1,318
2,2,3,3,0,2,1,1,3,3,3,3,3,3,3,3,3,3,0,2,3,0,3,3,0,0,1,1102
1,1,2,2,2,0,1,0,1,1,0,0,1,1,0,0,0,2,0,0,1,2,0,0,0,0,0,905
2,2,4,2,1,1,1,1,3,2,1,1,3,3,3,1,3,2,1,1,2,3,3,2,3,3,2,1506
4,4,4,3,2,3,3,1,4,4,3,3,3,3,3,3,3,3,3,3,3,3,3,3,1,0,2,631
0,2,2,2,2,2,2,2,2,2,2,2,2,1,2,2,0,0,1,2,2,1,2,2,1,1,1,150
2,1,2,2,4,3,2,2,0,2,1,0,1,1,1,3,0,1,0,0,1,0,0,1,1,0,1,1165
2,2,2,1,3,3,3,3,2,1,1,1,1,1,1,1,1,1,1,1,1,1,1,1,1,1,1,1222
4,4,4,4,0,0,0,0,4,4,3,3,3,3,3,3,3,3,3,3,3,3,3,3,3,3,2,356
4,1,4,3,0,1,0,1,1,2,1,3,0,0,3,3,3,3,1,1,2,0,0,0,0,1,1,1039
4,2,4,3,1,4,1,1,3,3,3,3,3,2,2,2,3,1,0,2,2,1,1,1,1,1,1,61
1,1,1,0,0,1,0,0,3,0,0,0,2,1,1,1,0,3,0,0,0,0,1,0,0,0,0,1362
4,3,3,3,2,1,2,2,3,4,3,2,1,2,1,2,1,0,1,3,3,2,3,3,2,3,2,1464
1,1,3,2,1,3,2,2,1,2,1,1,0,2,1,0,0,0,0,0,0,0,0,0,0,0,1,52
2,0,2,3,1,2,2,1,0,2,0,1,3,0,1,3,1,1,3,3,3,3,3,2,0,0,1,1415
4,4,4,3,3,4,3,4,4,4,2,3,3,3,3,3,3,3,3,3,3,2,3,3,0,3,2,551
2,2,1,1,2,2,2,1,1,2,2,1,2,2,1,1,2,2,2,1,1,1,2,1,2,2,1,1854
4,2,0,1,3,3,1,2,2,1,0,3,0,0,0,0,0,0,0,1,1,1,0,3,1,1,1,1284
3,1,4,1,1,3,2,3,0,2,2,2,2,1,1,2,1,1,2,1,2,1,0,1,1,0,1,821
3,3,2,2,1,1,2,0,3,3,1,0,3,1,1,1,1,2,3,1,1,1,0,1,0,0,1,1495
2,2,2,3,2,1,0,2,2,2,2,0,3,1,1,1,1,2,1,0,1,0,1,1,0,1,1,1476
1,1,0,4,1,2,1,1,1,1,2,0,2,1,2,3,3,0,1,3,3,0,2,0,0,0,1,1492
4,3,4,4,4,3,2,4,4,4,3,3,2,3,3,3,3,1,1,1,2,2,3,3,1,3,2,1103
4,4,4,3,3,4,2,4,3,2,2,2,2,2,1,3,1,0,2,3,3,2,1,0,0,0,1,1339
1,1,1,2,2,2,2,0,1,2,1,1,1,1,1,1,1,1,1,3,2,1,1,2,0,1,1,930
2,3,3,3,0,1,1,2,2,2,1,1,0,2,2,2,1,3,1,3,3,3,1,3,2,0,1,1835
2,2,2,0,1,2,1,1,2,1,1,2,1,1,1,1,0,1,0,1,1,1,0,1,1,0,1,1004
3,3,2,3,2,3,2,3,3,2,2,1,1,1,2,2,1,0,1,1,3,2,1,1,1,0,1,189
2,4,1,4,0,1,2,1,4,4,3,2,2,0,1,2,2,3,2,2,1,1,2,1,1,3,1,423
4,4,4,4,2,1,2,2,3,3,2,1,3,3,3,3,3,3,3,3,3,3,3,3,1,3,2,595
3,3,4,4,1,3,2,2,3,4,3,3,3,3,3,3,3,0,3,3,3,3,3,3,1,1,2,635
2,1,2,3,2,2,2,1,2,2,1,2,2,1,1,2,1,1,1,1,1,1,1,1,1,1,1,1544
2,2,1,1,2,3,1,1,3,1,1,2,2,1,1,2,3,3,1,3,2,2,0,1,2,1,1,369
3,4,4,4,3,3,3,4,4,4,3,0,3,3,3,3,3,3,3,3,3,3,3,3,3,3,2,1511
4,4,4,4,2,0,3,4,4,4,3,0,0,3,3,3,3,0,3,3,3,3,3,3,3,0,2,592
4,4,4,4,0,0,0,0,4,4,3,3,3,3,3,3,2,3,2,2,2,2,3,2,3,2,2,37
2,3,2,2,1,2,3,0,1,2,2,3,1,2,2,1,1,1,1,1,2,3,2,2,1,0,1,1920
2,2,2,2,3,1,3,3,2,2,2,2,2,2,2,2,2,2,3,2,3,2,3,2,3,2,1,1000
2,1,2,1,3,1,2,1,2,1,0,1,2,1,1,1,0,3,1,1,3,2,1,1,0,0,1,93
4,2,2,3,1,2,2,4,0,0,2,2,2,2,1,1,2,0,1,1,1,2,2,1,2,0,1,1494
1,1,1,1,1,1,1,1,1,1,0,0,0,0,0,0,0,3,0,0,1,0,0,0,0,0,0,250
4,4,4,4,2,2,3,4,4,4,3,1,3,3,3,3,3,2,2,3,3,3,3,1,3,3,2,751
2,2,4,4,3,2,2,1,3,4,2,3,3,3,3,3,3,2,2,3,3,1,3,3,1,1,2,636
3,4,4,2,2,3,2,3,1,3,2,1,3,2,2,3,2,2,3,2,3,1,2,3,2,0,2,1761
1,1,0,1,4,3,3,0,1,1,0,0,1,1,0,0,0,1,0,0,1,0,1,1,0,1,1,1897
2,2,3,2,1,1,1,2,2,2,1,1,2,1,1,0,0,1,0,0,1,0,0,0,0,0,1,9
2,2,2,2,2,2,2,4,2,2,1,2,1,1,1,2,2,1,2,0,2,0,0,1,0,0,1,744
2,3,4,2,2,1,2,1,3,3,2,2,2,3,2,1,1,1,1,1,1,2,1,1,1,0,1,10
0,0,0,0,0,4,1,1,2,2,0,0,0,1,1,0,0,3,0,0,1,0,0,0,0,0,0,507
1,2,2,1,3,3,2,2,2,2,2,1,1,1,2,2,2,2,1,2,1,1,2,1,1,1,1,452
2,2,3,4,1,0,2,0,3,4,3,2,3,2,3,3,1,1,3,2,1,3,2,1,2,3,2,354
4,4,4,3,4,4,2,4,4,4,3,3,3,3,3,3,3,3,3,3,3,3,3,3,3,3,2,1988
3,3,3,2,1,2,1,2,4,3,2,2,3,3,3,3,2,0,3,2,3,2,3,3,3,3,2,688
0,2,2,1,1,2,2,2,4,1,2,3,2,1,3,1,1,2,3,1,2,2,1,1,1,1,1,412
4,4,4,4,4,4,3,4,3,4,3,2,2,3,3,3,2,3,3,3,2,0,3,2,0,3,2,1715
2,3,2,3,1,1,1,1,2,2,1,2,1,1,1,1,2,2,2,2,1,2,2,2,2,0,1,178
3,1,4,2,0,2,1,2,1,2,3,2,1,2,1,2,1,2,2,1,1,1,1,1,0,0,1,1130
2,2,3,3,1,3,1,2,3,2,1,1,2,1,2,0,3,3,3,3,3,2,3,2,1,1,1,1557
2,1,2,1,3,2,2,3,2,2,2,2,3,3,3,2,2,1,1,3,3,3,3,3,0,1,2,1025
0,0,4,0,4,4,4,4,3,4,3,3,3,3,3,3,3,2,3,3,3,3,3,3,3,0,2,900
2,2,3,4,1,1,2,1,4,3,1,1,2,1,1,2,0,1,1,3,3,1,1,2,0,0,1,1516
2,2,2,0,2,2,2,2,2,2,0,1,3,0,1,1,1,3,0,0,0,0,0,0,0,0,1,739
1,1,2,1,3,2,1,2,2,2,2,3,2,2,2,1,1,0,1,0,1,1,0,1,0,0,1,807
4,4,3,4,2,2,2,2,3,4,3,1,1,2,3,3,3,3,2,1,1,1,3,0,3,1,2,200
2,2,2,2,4,2,2,4,2,2,2,0,0,3,2,1,0,2,3,1,1,0,2,2,0,0,1,417
4,4,4,4,2,4,4,3,2,2,1,1,1,1,2,2,3,0,3,3,3,3,3,2,2,3,2,1804
3,3,4,3,0,1,0,0,4,4,2,3,3,3,3,3,3,0,3,3,3,0,3,2,0,3,2,1240
3,4,4,4,2,2,2,3,4,4,3,0,2,3,3,3,3,1,2,3,1,1,2,1,0,1,2,1189
4,4,4,4,2,2,2,2,4,4,3,3,3,3,3,3,3,0,3,3,3,3,3,3,3,3,2,1530
4,4,4,3,2,2,3,3,4,3,2,2,2,3,3,2,2,2,2,2,2,2,2,2,2,2,2,815
2,0,2,1,3,2,3,2,2,1,1,1,1,3,1,1,1,1,2,2,1,2,1,1,2,1,1,1349
2,3,3,2,1,2,2,1,3,4,1,1,2,1,1,2,0,1,1,2,2,1,0,0,0,0,1,398
4,3,4,2,2,3,3,4,4,4,2,2,3,3,3,2,3,0,2,1,0,3,3,0,1,3,2,593
0,0,0,0,3,4,4,3,1,1,1,0,0,0,0,1,0,1,0,0,0,0,1,1,0,0,0,455
2,2,2,4,1,0,0,0,4,3,1,1,1,1,1,1,0,1,1,1,1,1,1,1,0,0,1,702
2,2,3,3,1,1,1,1,3,3,2,2,2,2,2,1,2,2,2,2,2,2,2,2,2,2,1,138
3,1,3,1,1,2,3,4,2,1,1,0,2,1,1,2,2,1,2,0,3,1,3,3,2,3,1,956
2,3,2,3,3,3,2,2,2,2,1,2,1,1,1,1,2,2,2,2,2,2,1,1,1,2,1,1776
2,2,2,3,2,3,2,3,2,3,1,1,2,2,1,1,1,2,2,3,1,1,1,2,1,0,1,1526
2,2,2,2,2,3,2,2,2,2,2,2,1,2,2,2,2,1,2,2,2,2,2,1,2,2,1,469
2,1,2,2,1,2,2,3,2,3,2,1,1,1,2,3,2,2,3,3,2,1,1,2,1,1,1,66
4,4,4,4,2,2,2,1,3,4,3,3,3,3,3,3,3,2,3,3,3,3,3,2,2,3,2,404
4,3,4,4,4,3,4,4,4,4,3,2,2,3,3,2,3,1,3,2,2,1,3,2,1,1,2,511
3,3,2,3,2,3,1,2,2,1,2,1,2,2,2,1,1,2,2,1,3,1,1,2,2,2,1,190
4,4,4,3,3,4,3,4,4,3,3,3,3,3,3,3,3,1,3,2,3,1,3,3,2,1,2,1307
2,2,2,2,2,2,2,2,2,2,2,1,1,1,1,1,1,1,1,1,1,1,1,1,1,1,1,1083
2,2,2,1,1,1,3,2,2,2,1,1,1,1,1,0,1,1,1,0,1,1,1,1,3,1,1,637
4,4,4,4,2,4,4,4,2,4,2,0,3,3,3,3,3,3,3,1,2,0,3,3,3,2,2,1173
0,0,3,4,2,3,2,3,4,2,3,2,3,3,1,1,3,1,0,1,1,1,1,2,1,0,1,1566
0,1,2,1,2,3,4,3,2,1,0,0,0,1,1,0,2,1,2,2,0,0,0,0,1,1,1,747
2,2,2,1,2,2,2,2,2,2,1,1,1,1,1,1,1,1,1,1,1,1,1,1,1,1,1,775
3,4,2,4,1,3,2,2,1,4,2,2,2,3,1,2,1,1,1,1,2,2,0,3,0,0,1,1192
4,2,3,3,2,3,1,2,2,2,3,3,3,1,2,3,3,1,2,2,2,2,3,2,1,0,2,1698
4,4,4,2,3,2,3,3,4,4,3,3,1,1,3,3,3,2,3,3,3,3,3,3,3,3,2,901
2,2,2,2,2,2,3,3,3,3,2,1,1,1,0,1,1,1,1,2,2,1,1,2,1,2,1,1003
4,4,4,2,3,4,3,3,2,4,3,3,2,3,3,3,3,0,3,3,3,3,3,3,3,3,2,1816
1,1,2,2,2,3,2,3,4,2,0,1,2,2,2,2,2,2,2,2,2,2,1,1,1,0,1,1133
3,3,4,3,2,2,1,2,3,4,3,3,3,3,3,3,3,2,3,3,3,3,3,2,2,3,2,1121
2,2,3,2,1,1,1,2,3,2,1,2,1,1,1,1,2,1,2,2,2,1,1,1,1,0,1,1388
1,2,1,1,4,4,3,4,0,2,0,1,1,1,0,2,0,1,0,1,1,0,0,1,1,0,1,814
3,3,4,4,2,2,3,2,3,4,2,2,2,2,3,2,3,2,2,2,2,2,3,0,0,0,2,1484
2,1,4,2,2,2,3,4,3,2,0,0,1,1,1,3,2,0,1,0,3,1,0,0,1,1,1,1241
4,4,3,4,2,2,2,3,3,4,3,3,3,3,3,2,3,3,3,3,3,1,3,2,3,0,2,96
2,3,2,2,2,2,2,2,2,2,1,2,1,2,2,2,2,1,1,1,2,3,3,2,0,0,1,734
1,2,3,2,3,2,2,2,2,2,3,1,3,3,3,3,2,0,2,0,3,1,1,3,0,2,1,38
2,2,2,2,2,2,2,2,2,2,2,2,2,2,2,2,2,2,2,2,2,2,2,2,2,2,1,1017
2,2,3,0,2,2,1,4,0,1,1,1,1,2,2,1,1,3,2,0,1,1,2,1,3,1,1,166
2,2,2,1,1,2,2,2,4,2,1,1,1,2,2,2,2,2,1,1,1,3,2,2,2,2,1,1200
4,2,2,3,1,4,2,3,2,2,1,1,2,1,2,2,2,2,2,2,1,1,1,1,1,1,1,1867
3,3,4,4,3,4,3,3,4,4,3,3,3,3,3,3,3,0,2,3,3,3,3,3,2,3,2,1600
0,1,1,1,3,3,4,3,1,1,0,0,0,0,0,0,0,3,0,0,1,0,0,1,0,0,1,1253
4,3,4,4,1,2,2,2,3,3,3,2,3,2,3,3,3,1,3,3,3,3,3,3,3,2,2,226
1,1,2,2,2,4,1,2,3,2,1,1,2,1,2,2,1,2,1,1,1,1,1,1,0,1,1,151
2,2,2,2,1,3,3,3,2,2,2,1,3,2,2,2,2,1,2,1,1,1,1,1,1,0,1,1446
3,3,4,2,3,2,1,2,1,3,2,2,2,1,1,2,2,1,3,2,2,2,3,3,1,1,1,669
2,2,2,2,2,4,4,0,2,2,3,0,0,2,1,1,2,1,2,1,1,0,1,1,2,0,1,143
1,1,0,1,2,2,2,4,0,1,1,1,0,1,1,0,0,3,1,1,3,0,0,1,1,0,1,1311
3,4,4,4,2,2,3,2,2,3,3,3,3,3,3,3,3,1,2,3,3,2,1,2,1,0,2,1582
1,2,2,1,3,2,2,2,2,2,1,1,2,2,1,1,1,1,1,1,2,2,2,1,1,0,1,640
2,3,4,3,3,2,2,4,2,4,1,1,0,2,1,3,1,2,1,3,2,1,1,0,0,0,1,510
2,2,3,3,2,2,1,2,2,2,1,1,2,1,2,2,1,1,1,0,1,0,1,0,1,0,1,1384
1,1,1,1,3,4,4,1,2,0,1,0,0,1,1,0,1,3,0,1,1,1,1,1,1,0,1,646
2,2,1,2,2,2,2,2,2,2,2,1,1,2,2,2,2,1,2,1,2,2,1,2,1,2,1,1347
2,3,4,3,2,0,2,2,4,4,2,3,1,1,3,3,3,2,1,2,3,2,3,2,2,1,2,1803
2,2,3,3,1,2,1,2,4,2,1,1,1,1,2,2,1,2,1,2,1,1,2,2,1,2,1,122
1,1,2,0,1,1,4,2,3,2,2,1,1,1,1,1,1,2,1,1,2,1,1,2,0,0,1,447
3,3,3,3,3,4,4,4,2,3,2,2,2,2,2,2,3,2,3,3,3,3,3,3,3,3,2,2010
3,3,2,2,2,2,1,2,4,4,2,2,2,2,2,1,3,2,2,2,2,1,2,2,2,1,1,2005
2,2,2,2,2,2,2,3,3,2,2,2,1,1,3,3,1,1,2,1,1,1,2,1,1,1,1,837
3,2,4,2,2,1,1,2,2,3,3,2,2,2,3,3,2,3,2,2,3,2,2,3,1,1,2,1124
4,4,3,4,2,2,4,2,4,4,3,3,2,3,3,3,3,2,3,3,2,1,1,3,3,2,2,1454
2,2,2,2,2,2,2,2,2,0,0,1,1,1,0,1,1,1,0,0,1,0,0,0,1,0,1,6
3,3,3,3,3,3,3,3,3,3,3,0,3,3,3,3,3,3,3,3,3,2,3,3,0,1,2,342
3,2,3,2,3,1,1,3,1,1,2,2,2,2,2,3,3,2,2,3,2,3,3,3,3,3,2,1513
2,2,2,0,4,4,2,2,2,2,2,2,3,2,3,2,0,0,0,0,0,0,0,0,0,0,1,1914
3,2,4,3,0,3,2,2,4,4,3,3,3,3,2,2,1,3,2,1,2,2,2,1,1,1,2,542
2,4,4,4,2,4,2,4,4,4,3,3,3,3,3,3,3,0,3,3,1,3,3,2,1,3,2,1692
2,2,2,2,2,2,2,2,2,2,0,0,0,0,0,0,0,0,0,0,0,0,0,0,0,0,0,1385
4,4,4,4,3,3,4,4,4,4,2,3,2,3,3,2,3,1,3,2,3,2,3,3,2,3,2,209
4,2,4,3,2,1,2,1,3,2,1,2,2,1,1,3,2,1,1,2,2,3,2,1,1,1,1,1984
4,4,4,3,1,3,3,2,1,4,3,3,3,3,3,2,3,2,3,2,3,3,3,3,2,3,2,1236
3,2,3,2,3,1,1,3,1,1,2,2,2,2,2,3,3,2,2,3,2,3,3,3,3,3,2,1669
1,0,2,0,0,4,0,0,2,2,0,3,3,3,3,3,1,1,1,1,1,0,0,3,1,0,1,1651
4,4,4,4,4,4,4,3,3,4,3,2,0,3,3,3,3,2,3,3,3,3,3,3,3,2,2,715
1,0,3,0,1,2,1,3,1,0,0,0,0,0,0,1,0,1,1,1,2,1,1,1,1,1,0,1967
2,2,3,2,2,0,1,2,4,2,3,3,3,3,3,3,3,3,1,0,3,3,1,0,0,0,1,1550
4,4,4,3,1,2,1,0,2,2,1,1,1,1,1,1,1,1,1,1,1,1,1,1,1,1,1,105
4,4,4,4,3,4,4,4,4,4,3,3,3,3,3,3,3,3,3,3,3,3,3,3,3,3,2,566
3,4,4,4,3,3,3,4,4,4,3,3,3,3,3,3,3,0,3,3,3,3,3,3,3,3,2,1185
1,3,2,2,2,2,2,2,2,2,2,1,1,1,1,1,1,1,1,1,1,1,1,1,1,1,1,1604
3,3,2,2,1,2,1,2,2,2,1,1,1,1,1,1,1,1,1,1,1,1,1,1,1,1,1,72
4,3,4,4,3,4,2,3,4,4,2,0,1,3,3,2,2,0,3,1,3,1,3,3,1,3,2,1670
4,3,4,3,2,2,2,4,3,2,3,0,3,3,3,3,3,1,3,3,3,0,3,2,1,1,2,859
2,2,4,2,2,4,2,2,2,2,2,1,2,2,2,1,2,2,3,1,2,1,1,1,2,2,1,749
3,4,3,4,2,3,1,3,3,4,2,3,3,2,2,2,3,1,3,3,3,3,2,2,1,3,2,1310
4,3,4,4,4,4,4,4,2,4,3,3,3,3,3,2,3,2,3,1,1,0,3,3,1,2,2,689
4,4,4,4,3,3,3,4,0,4,3,3,3,3,3,3,3,1,3,3,3,2,3,2,1,3,2,1769
1,1,1,1,3,3,3,3,1,1,0,0,0,0,0,0,0,0,0,0,0,0,0,0,0,0,0,707
0,0,0,0,4,4,4,4,0,0,3,3,3,0,0,0,1,1,3,0,0,2,0,1,0,0,1,602
2,2,3,4,2,2,0,1,3,4,2,1,3,3,2,3,3,2,3,3,3,3,0,0,1,0,2,1061
2,1,1,1,3,2,1,0,4,1,1,1,1,0,1,3,1,3,1,0,3,1,1,0,1,1,1,1230
4,3,3,4,2,3,2,2,4,4,3,3,3,3,3,2,3,1,3,2,3,2,3,3,2,3,2,1120
2,2,3,2,1,3,2,3,3,2,2,1,2,1,2,1,3,1,2,2,1,2,3,2,1,0,1,1490
4,4,4,4,2,2,2,1,3,4,3,3,3,3,3,3,3,3,3,3,3,3,1,1,0,0,2,1348
0,0,0,0,4,4,4,4,0,0,0,0,0,0,0,0,0,0,0,0,0,0,0,0,0,0,0,1351
2,2,4,2,0,2,2,4,2,2,0,2,2,1,1,1,1,1,0,3,3,3,2,1,3,0,1,1145
2,2,2,2,2,2,2,2,2,2,1,1,1,1,1,1,1,2,2,2,2,2,2,2,2,2,1,617
3,2,2,3,3,2,3,2,2,1,2,1,1,0,2,2,2,2,0,2,3,2,2,2,2,1,1,1334
4,3,4,4,3,3,4,3,4,3,3,3,3,3,3,3,3,3,3,2,3,2,3,3,3,3,2,421
3,3,3,4,2,3,2,3,3,3,2,3,2,2,2,3,3,2,2,2,3,1,2,2,1,0,2,1606
2,2,2,2,2,2,2,2,2,2,2,3,3,3,3,3,3,3,3,3,3,3,3,3,3,3,2,1431
4,3,4,4,0,2,1,1,4,4,2,2,3,3,3,3,3,1,2,3,3,2,2,3,3,3,2,1089
2,3,4,3,2,2,2,3,3,2,3,3,1,3,3,3,3,3,1,2,2,1,3,3,2,3,2,863
2,1,2,1,2,2,2,3,2,2,2,3,2,2,2,3,3,3,3,3,3,3,2,3,3,3,2,1905
2,2,4,2,0,1,3,4,0,2,3,0,0,1,3,3,3,1,3,0,1,0,3,2,3,0,1,793
2,2,2,2,2,2,2,2,2,2,2,2,2,2,2,2,2,2,2,2,2,2,2,2,2,2,1,1937
2,2,2,3,1,3,2,3,2,1,3,2,2,2,2,2,2,3,2,2,2,2,2,2,2,2,2,1747
3,3,4,4,2,3,3,4,3,4,3,3,3,3,3,3,3,0,3,3,3,2,3,3,2,3,2,1868
0,2,2,2,2,1,2,4,3,3,1,1,1,2,2,3,2,2,2,1,2,3,3,0,0,3,1,527
4,3,2,2,1,1,1,0,2,1,1,1,1,1,2,2,1,1,2,1,1,2,2,1,2,2,1,1762
1,0,2,2,1,4,2,4,2,2,1,0,1,1,1,1,0,2,1,0,1,1,1,1,0,0,1,603
2,2,2,1,2,4,1,4,0,2,3,3,3,1,3,3,3,1,3,1,1,3,1,1,1,1,1,1080
4,3,3,4,2,3,2,3,3,3,3,3,3,3,3,3,3,2,3,3,3,3,3,3,2,3,2,1076
2,2,1,1,2,1,3,2,4,1,1,1,1,2,1,2,1,2,1,1,2,1,1,1,1,2,1,133
2,2,2,2,2,3,3,1,2,3,2,3,1,1,1,1,1,3,1,1,1,1,0,1,0,0,1,1108
2,2,3,1,2,4,2,4,1,3,2,2,1,2,0,0,0,1,0,1,1,2,2,1,1,0,1,1115
3,3,4,4,1,1,1,1,1,2,2,2,2,2,3,3,3,3,3,3,3,3,3,3,3,3,2,1545
2,3,4,4,3,3,3,2,2,4,2,3,2,3,3,2,3,1,2,3,3,2,2,3,2,0,2,192
4,3,2,2,2,2,2,3,2,2,2,1,1,1,1,1,2,1,2,1,2,1,1,1,1,1,1,1628
1,1,3,3,1,2,2,2,2,2,2,1,3,2,1,1,1,1,3,3,3,0,1,0,0,0,1,647
2,4,4,4,3,2,3,3,4,4,3,0,1,2,2,2,1,1,2,1,1,1,2,1,1,1,1,218
4,4,4,4,4,4,4,4,4,4,3,3,3,3,3,3,3,0,3,3,2,2,2,3,3,3,2,301
3,4,4,3,1,2,2,1,4,3,3,0,2,2,1,2,2,1,2,3,2,3,2,0,0,0,1,997
3,3,4,4,0,0,0,0,4,4,3,3,2,2,3,3,3,1,3,3,3,3,3,3,2,1,2,1827
1,0,1,1,2,2,2,2,2,2,1,0,0,1,1,1,0,2,0,0,0,0,0,0,0,0,0,55
2,2,3,3,1,1,2,1,3,3,2,2,1,1,2,2,1,1,1,1,1,1,1,1,1,0,1,1107
4,2,4,4,2,0,3,0,4,3,3,3,3,3,3,3,3,1,3,3,3,3,3,3,3,3,2,1870
4,3,4,4,2,4,3,4,4,4,3,3,3,3,3,0,1,3,3,3,3,3,3,3,3,1,2,1255
3,2,2,2,1,2,2,2,2,2,1,1,1,0,0,3,1,1,1,1,3,0,1,1,0,1,1,307
2,1,4,3,1,1,1,0,1,1,1,1,2,2,2,2,0,2,3,3,3,0,2,3,0,1,1,733
0,0,2,3,1,1,1,1,4,3,1,0,3,1,2,0,1,1,0,1,3,2,1,0,0,0,1,529
2,1,3,2,2,1,2,0,3,2,1,2,2,2,2,2,2,2,2,3,2,2,2,0,2,0,1,675
3,4,4,4,3,3,2,2,2,4,3,3,3,3,2,3,3,1,2,2,3,1,3,3,0,1,2,833
1,0,1,0,1,1,0,3,3,2,1,0,2,1,2,1,2,2,0,2,2,0,1,1,2,0,1,1699
4,2,2,2,0,1,1,1,3,3,1,1,1,1,0,0,0,2,1,1,1,1,0,1,0,0,1,373
2,3,3,3,1,2,2,2,2,2,3,1,3,3,2,2,1,3,2,3,3,1,2,2,2,2,2,1425
2,2,2,2,2,4,3,3,4,2,2,2,1,1,1,1,0,1,2,2,0,1,2,0,2,1,1,1316
4,4,4,4,3,4,4,2,4,4,3,0,3,3,3,3,3,0,3,3,3,3,3,3,3,0,2,1685
1,1,1,1,3,3,3,3,1,1,1,1,1,1,1,1,1,1,1,1,1,1,1,1,1,1,1,1525
2,3,2,2,3,2,2,3,2,2,1,1,1,2,1,1,0,1,1,1,1,2,1,1,1,1,1,111
3,3,4,4,3,4,4,1,2,3,3,3,3,3,2,3,1,0,3,3,3,3,3,3,1,3,2,465
2,3,4,3,2,4,2,3,1,2,1,2,2,2,3,2,3,1,1,2,2,1,1,1,1,1,1,43
4,3,4,4,3,3,3,2,4,4,2,2,2,2,3,3,2,3,3,2,3,2,0,1,1,2,2,1933
2,2,2,2,2,2,2,2,2,2,1,1,1,1,1,1,1,1,1,1,1,1,1,1,1,1,1,180
3,3,2,2,2,2,1,2,2,2,1,1,1,1,2,3,3,2,2,1,1,2,1,1,1,3,1,516
2,2,2,2,2,2,2,2,2,2,3,0,0,0,3,3,3,0,0,0,0,0,1,1,1,1,1,1917
4,4,4,4,4,4,3,4,4,4,3,3,3,3,3,3,3,3,3,3,3,3,2,3,3,3,2,88
2,1,2,2,4,3,2,2,1,1,0,1,0,2,1,1,0,1,0,1,1,1,1,2,0,0,1,1054
1,2,2,3,3,2,2,3,2,2,2,1,2,1,1,2,1,3,3,0,3,1,1,1,3,1,1,711
2,2,2,2,2,2,2,2,2,2,3,3,2,2,1,1,2,3,3,2,1,2,2,2,1,1,1,31
2,2,1,1,2,3,2,2,2,2,1,2,1,1,2,1,2,1,2,1,0,0,1,0,0,1,1,1969
3,3,4,1,0,1,3,2,4,2,1,1,1,2,1,1,2,2,2,2,3,3,1,1,2,3,1,1962
1,2,1,3,3,3,2,2,1,1,0,2,1,2,1,1,1,0,1,1,0,1,1,0,1,1,1,67
4,4,4,4,3,4,3,4,4,4,3,3,3,3,3,3,3,1,3,3,3,3,3,3,3,3,2,946
2,2,1,1,3,2,0,0,2,1,2,3,3,2,2,2,3,3,2,2,2,2,2,2,2,2,2,1497
3,2,2,2,0,0,0,1,3,2,1,1,1,1,1,1,1,3,1,1,1,0,1,1,1,0,1,1209
2,2,4,3,2,3,3,2,4,2,1,0,1,1,2,1,1,1,1,1,2,2,3,1,1,1,1,548
3,3,4,3,2,2,2,3,2,2,2,2,2,2,3,3,3,2,2,2,2,2,2,2,2,2,2,131
3,4,4,2,0,1,1,1,4,3,3,3,3,3,3,3,3,2,3,3,3,3,3,3,3,3,2,1302
2,2,2,3,3,4,3,4,2,2,2,3,3,3,2,2,3,3,3,3,3,3,3,3,3,2,2,1008
2,0,2,1,0,2,2,2,2,1,0,1,0,1,0,0,0,1,0,0,0,0,0,0,0,0,0,966
2,2,2,2,2,2,2,2,2,2,1,1,1,1,1,1,1,1,1,1,1,1,1,1,1,0,1,1938
1,1,2,0,2,0,1,1,2,1,2,1,0,1,1,3,1,3,1,2,3,0,1,1,1,0,1,630
4,4,4,3,3,4,1,4,3,3,3,3,2,3,3,1,3,3,3,3,3,3,3,2,3,3,2,1430
0,2,2,0,3,1,3,3,0,2,1,1,2,1,1,1,0,2,0,1,2,0,0,1,2,0,1,144
2,2,2,2,2,2,2,2,2,2,1,1,1,1,1,0,1,2,1,1,1,1,1,1,1,1,1,472
3,2,3,1,1,3,1,3,1,1,0,1,3,3,1,3,3,1,2,2,1,1,0,0,1,0,1,119
3,4,3,3,1,3,2,1,4,3,2,1,2,3,2,3,2,1,2,3,3,3,2,2,2,1,2,1309
3,3,3,3,1,1,2,3,1,2,1,2,1,1,1,1,1,2,1,1,2,1,1,1,1,1,1,451
3,3,3,4,3,3,2,4,3,3,3,2,1,3,3,3,3,3,3,3,3,3,3,3,3,3,2,128
2,3,2,2,2,3,3,4,4,3,2,2,0,2,3,2,1,1,2,3,3,2,2,3,3,0,2,146
3,4,4,1,3,3,4,2,2,2,2,2,0,0,2,3,1,1,2,1,2,1,2,1,2,1,1,366
0,1,0,2,2,2,3,2,3,3,2,1,1,2,3,2,2,2,1,2,1,1,1,2,2,0,1,1899
3,4,4,3,1,3,3,2,3,3,2,2,2,3,2,1,2,2,2,0,3,3,2,1,1,1,2,222
2,3,4,4,3,2,3,3,3,4,3,3,3,3,3,3,3,2,2,1,2,3,3,3,3,0,2,912
2,2,3,0,0,2,1,0,4,4,2,2,2,2,2,2,2,2,2,2,2,2,2,2,2,0,1,1840
1,2,2,0,3,4,2,2,1,2,3,3,3,3,3,3,3,2,2,1,3,3,3,1,3,3,2,1077
3,2,3,0,4,4,4,4,1,0,1,0,1,2,3,0,1,1,1,1,1,0,0,1,1,0,1,1521
2,2,2,3,1,1,3,2,1,1,1,0,1,1,1,1,1,1,1,2,2,1,0,1,0,0,1,1359
2,2,1,1,2,2,2,2,0,1,1,2,2,2,2,2,2,2,1,1,1,1,1,1,1,1,1,1085
2,2,4,2,0,2,2,4,0,1,3,1,1,1,1,1,0,1,1,1,1,1,0,0,0,0,1,1965
2,2,2,2,2,2,2,2,2,2,0,0,0,0,0,0,0,1,1,1,1,1,1,1,1,1,1,826
1,1,1,1,1,2,3,1,2,2,1,1,1,1,1,1,1,0,1,1,1,1,1,1,1,0,1,1864
0,2,0,0,3,2,3,4,2,1,0,0,1,0,1,2,0,0,0,0,1,0,0,1,0,0,0,1749
2,2,3,3,2,3,1,2,4,4,2,2,2,2,3,1,1,1,3,1,1,1,1,2,1,0,1,1576
3,2,3,2,2,2,2,2,1,2,2,1,3,3,3,2,1,2,2,2,2,2,2,2,2,1,2,1368
2,3,2,2,2,2,1,3,3,3,1,3,3,2,2,3,2,1,2,1,3,3,3,2,2,0,2,288
4,4,4,4,0,0,0,0,4,4,3,3,3,3,3,3,3,3,3,3,3,3,3,3,3,3,2,765
3,2,2,2,3,2,3,2,2,3,2,2,2,2,2,2,2,2,2,2,2,2,2,2,2,2,1,1166
4,4,4,4,2,3,2,2,4,4,3,3,3,3,3,3,3,3,3,1,3,3,3,3,3,0,2,717
1,2,2,2,3,2,2,2,1,2,1,2,2,2,1,2,2,2,1,1,1,1,1,1,1,1,1,278
4,3,4,3,2,3,3,2,4,4,3,3,3,2,3,3,3,3,3,2,2,2,3,2,2,3,2,1622
2,2,1,1,1,2,3,3,3,2,1,1,1,1,1,1,1,0,0,0,0,0,0,0,0,0,1,496
3,3,4,2,4,4,2,4,2,2,3,3,3,3,3,2,3,3,3,1,2,1,2,3,1,0,2,1755
4,4,4,3,3,2,4,3,4,4,3,3,3,3,2,1,3,3,3,3,3,3,3,0,3,2,2,1998
2,2,2,2,2,2,2,2,2,2,2,2,2,2,2,2,2,1,2,3,3,1,3,3,2,3,1,1950
4,4,4,4,3,4,2,3,4,2,3,3,3,2,3,3,3,3,3,1,3,1,3,1,1,2,2,619
2,2,2,1,2,1,2,2,2,2,1,2,2,2,2,2,2,2,1,2,2,1,2,2,2,0,1,985
4,4,4,4,2,3,3,4,4,4,3,3,3,3,3,3,3,0,3,3,3,3,3,3,3,0,2,1763
1,1,1,2,3,2,2,1,1,1,0,1,0,1,1,2,1,1,0,0,0,1,1,2,1,0,1,709
1,2,3,1,3,1,2,3,3,4,3,3,3,3,3,3,3,3,3,3,3,3,3,3,3,1,2,63
4,4,4,2,0,2,3,1,4,1,3,3,3,2,3,3,2,1,2,2,2,2,3,1,1,3,2,1821
2,4,4,3,2,2,3,0,4,4,3,2,2,3,3,3,3,2,3,2,3,2,3,3,3,2,2,1179
1,2,2,1,2,1,3,2,2,1,2,2,2,2,2,1,1,1,1,2,2,2,0,1,0,0,1,75
2,2,2,2,2,2,2,1,2,1,1,1,2,1,2,2,2,2,1,1,2,2,2,2,2,2,1,1597
3,1,2,0,1,1,4,1,2,1,1,3,1,1,3,1,1,1,1,2,3,1,1,1,1,0,1,1154
2,3,3,4,1,3,3,3,3,4,3,1,2,2,2,1,1,2,1,2,2,3,1,2,2,1,2,1695
2,3,3,3,1,1,2,2,3,3,1,1,1,2,2,0,0,0,1,0,2,0,0,0,0,0,1,1986
3,3,4,2,2,2,2,2,3,4,1,2,2,2,3,1,2,2,2,3,2,2,3,1,2,0,2,978
3,3,2,2,2,3,3,3,2,3,2,2,2,2,2,2,2,1,2,3,2,2,3,2,2,3,1,1705
2,4,4,4,3,2,2,3,4,4,3,3,3,3,3,3,3,3,3,3,3,3,3,1,3,0,2,271
2,2,3,2,1,2,0,3,2,3,0,2,3,2,1,3,1,2,1,1,2,1,3,1,2,3,1,607
2,2,2,2,2,2,2,2,2,2,2,2,2,2,2,2,2,0,1,1,1,1,1,1,1,1,1,1730
3,4,4,2,2,4,2,4,4,4,2,2,1,2,2,1,3,3,3,2,3,1,3,2,1,3,2,92
3,2,2,2,2,2,2,4,2,2,1,1,1,1,2,1,2,1,1,0,1,1,1,2,1,0,1,1885
3,2,4,2,2,3,2,2,3,3,2,2,2,2,3,3,3,2,3,1,3,3,3,2,2,1,2,1524
4,3,4,4,4,4,4,4,4,4,2,3,3,3,3,3,3,3,3,1,3,3,3,3,1,3,2,79
2,1,3,2,1,3,2,4,3,2,2,2,2,3,2,2,1,2,2,2,2,3,2,1,1,0,1,589
4,4,4,4,2,4,3,4,1,4,3,3,2,3,2,2,2,1,2,1,2,1,3,0,0,0,2,1973
4,2,2,2,0,0,2,1,0,2,3,2,3,1,2,2,2,1,2,3,3,3,3,3,3,3,2,85
2,2,2,2,1,1,2,0,2,3,1,2,2,1,2,1,2,1,1,1,2,2,2,1,1,0,1,86
2,1,2,2,0,0,4,4,2,0,3,2,3,3,2,1,3,1,3,3,3,3,3,3,3,3,2,620
0,0,1,1,3,3,3,2,3,3,3,3,3,3,3,3,3,3,3,3,3,3,3,3,3,3,2,820
1,2,2,1,3,1,2,2,2,2,1,1,1,2,1,2,1,0,1,1,2,2,1,2,2,0,1,1775
2,2,2,2,1,2,1,1,2,2,1,1,1,1,1,1,1,1,0,0,0,0,1,0,0,0,1,1580
0,0,0,3,4,4,4,4,0,0,0,0,0,0,0,0,0,0,0,0,0,0,0,1,0,0,0,921
1,3,4,2,1,2,2,4,4,4,2,2,3,3,3,3,3,3,3,3,3,0,3,3,3,3,2,1956
2,2,2,1,3,2,2,3,2,1,0,0,0,0,0,0,0,0,3,3,3,3,3,3,3,3,2,1706
4,4,4,4,2,0,3,4,4,4,3,3,3,3,3,3,3,0,3,3,3,1,3,3,2,2,2,1163
0,2,2,2,4,4,4,2,0,2,1,1,2,2,2,2,0,1,2,1,2,2,0,0,0,0,1,103
2,2,3,2,2,2,1,2,1,2,1,1,3,1,3,1,3,1,1,3,3,2,2,1,0,0,1,352
4,4,4,4,0,0,0,0,4,4,3,3,3,3,3,3,3,3,3,3,3,3,3,3,3,3,2,895
4,3,4,4,3,3,2,4,4,4,2,0,0,3,3,3,1,2,3,1,2,1,3,3,3,1,2,963
2,3,3,4,3,3,2,3,4,2,3,1,2,3,3,2,2,2,3,2,2,1,2,2,1,2,2,457
3,4,4,4,0,3,4,4,0,4,3,3,2,3,3,2,3,0,3,3,3,3,3,2,3,3,2,1640
2,2,2,2,2,2,2,2,2,2,1,1,1,1,1,1,1,2,1,1,1,1,1,1,1,1,1,242
3,4,4,4,2,2,3,3,3,4,2,3,2,2,2,3,3,3,3,3,3,3,3,3,3,3,2,1202
4,4,4,3,1,2,2,3,4,2,3,2,3,3,3,3,3,1,3,1,3,2,3,3,2,3,2,1690
3,4,4,4,2,2,3,2,1,3,2,2,2,2,2,2,2,2,2,3,3,0,3,3,0,0,2,805
0,0,2,0,4,3,2,2,2,2,2,1,1,2,1,1,2,1,1,1,1,1,1,1,1,1,1,723
4,4,0,4,0,3,2,2,2,2,2,2,2,1,2,1,2,1,2,1,2,1,2,1,2,1,1,658
3,3,4,2,2,4,2,2,4,4,2,0,3,3,3,2,3,0,3,3,3,1,3,1,3,2,2,1740
2,3,4,2,2,2,2,3,2,2,2,1,1,1,3,1,3,1,1,2,2,0,3,3,1,0,1,1556
3,3,3,3,2,2,2,2,2,3,3,3,3,3,2,2,3,3,3,3,3,3,3,3,3,3,2,1947
2,2,2,3,2,2,2,2,2,2,1,1,1,1,1,1,1,1,0,0,1,1,0,1,1,0,1,16
4,3,4,2,2,2,2,3,2,2,1,2,3,3,3,3,3,2,3,3,3,2,3,2,3,1,2,1445
3,0,2,2,2,2,2,2,2,2,2,0,1,1,1,1,1,1,1,1,1,1,1,0,1,0,1,1034
1,1,2,3,1,1,2,3,4,3,1,3,2,2,2,2,1,1,1,2,1,1,1,1,1,0,1,230
0,2,2,2,2,2,2,2,2,1,1,1,2,2,2,2,2,2,1,1,2,2,2,2,2,2,1,442
3,3,3,3,1,1,1,2,2,2,3,3,3,3,3,3,3,1,3,3,3,1,3,3,1,1,2,1971
2,2,3,3,0,3,2,2,2,3,1,1,2,1,2,3,2,0,1,2,1,2,1,3,0,0,1,1750
1,1,1,3,1,1,2,2,2,2,0,1,1,2,1,1,0,1,1,1,2,2,1,2,0,0,1,5
2,2,2,1,0,2,2,1,4,2,0,1,3,1,1,3,1,3,1,0,1,1,0,1,0,0,1,312
3,3,4,4,0,1,2,2,3,3,3,3,3,3,3,3,3,3,2,3,3,2,3,3,3,3,2,324
4,4,4,4,4,4,0,4,4,4,3,3,3,3,3,3,3,0,3,3,0,3,2,3,2,2,2,213
0,2,2,2,2,2,2,2,2,2,1,1,1,1,1,1,1,1,1,1,1,1,1,1,1,1,1,1406
3,2,3,0,2,2,4,4,2,2,2,2,2,2,1,2,2,0,2,1,1,0,2,1,1,1,1,690
3,3,3,3,1,1,1,1,3,3,2,2,2,2,2,2,2,3,3,0,3,1,3,3,2,3,1,705
2,0,4,2,0,2,2,1,0,4,3,1,1,1,1,1,1,1,1,1,1,1,1,1,1,1,1,1799
1,3,0,2,2,2,2,2,2,3,0,0,0,0,0,0,0,3,2,3,1,3,2,3,3,2,2,169
3,2,4,4,1,3,4,2,4,4,3,2,3,3,3,3,3,3,3,3,3,3,3,3,3,3,2,811
0,1,1,1,2,3,3,3,1,2,2,1,2,2,1,1,1,1,1,1,1,2,2,1,1,1,1,743
1,2,2,2,1,2,1,2,1,1,1,1,2,1,2,2,0,0,1,2,3,2,2,2,1,0,1,989
2,2,2,2,2,2,2,2,2,2,1,3,2,2,2,2,3,1,2,2,2,1,3,2,2,0,2,1020
2,4,4,4,0,1,1,1,3,2,3,2,3,2,3,3,3,3,3,1,2,1,3,1,3,1,2,1026
2,2,2,2,2,2,2,2,2,2,1,1,1,1,1,1,1,1,1,1,1,1,1,1,1,1,1,1900
4,4,4,4,4,4,0,4,4,4,3,0,0,3,3,3,3,0,3,0,3,3,3,3,3,0,2,778
2,2,1,3,1,1,2,2,2,3,1,0,1,0,0,0,0,2,0,2,2,1,0,1,1,0,1,1075
2,2,2,2,2,2,2,2,2,2,1,1,1,1,1,1,1,1,1,1,1,1,1,1,1,1,1,1619
2,2,2,2,2,2,2,2,2,2,2,0,0,0,0,1,1,1,3,0,3,1,1,0,3,3,2,1754
0,0,1,1,3,3,4,3,1,0,2,1,0,1,0,0,0,0,1,0,2,0,2,0,0,2,1,1174
3,3,1,0,3,0,3,1,2,2,0,0,1,1,1,1,1,1,0,1,1,0,0,0,1,0,1,1250
2,3,2,3,2,3,2,3,2,4,3,3,2,3,3,3,3,0,0,2,3,3,3,1,0,0,1,1512
2,1,1,0,0,2,0,2,2,1,0,1,1,1,3,2,3,2,1,0,2,0,1,0,1,0,1,256
2,2,2,2,2,3,1,1,1,2,3,1,3,3,1,3,3,3,3,3,3,0,1,2,3,0,2,1601
2,1,2,2,3,2,3,3,1,1,1,1,2,0,1,1,1,1,1,1,1,1,1,1,1,1,1,210
0,0,1,0,0,4,3,3,1,1,0,0,0,0,0,0,0,0,0,3,1,0,0,0,0,0,0,319
1,3,2,2,2,2,2,2,2,3,2,1,2,1,1,1,0,1,1,2,2,1,2,2,1,1,1,185
2,3,4,4,1,3,1,3,4,4,3,3,3,3,3,3,2,2,2,2,3,0,3,1,3,0,2,1814
2,3,2,2,2,1,2,2,4,2,1,3,2,3,3,3,2,2,2,1,1,1,2,1,1,0,1,1708
0,1,2,2,1,2,2,2,1,2,1,1,1,1,1,1,1,1,1,1,1,1,1,1,1,1,1,1296
2,1,1,3,2,3,4,1,1,1,2,3,1,1,2,2,1,1,1,2,1,1,2,2,1,2,1,1132
2,2,2,2,2,2,2,2,2,2,2,2,2,2,2,2,2,2,2,2,2,2,2,2,2,2,1,937
3,3,4,3,3,4,2,3,3,4,2,3,3,3,3,3,3,2,3,3,3,3,3,3,3,3,2,762
1,2,2,1,2,3,2,3,4,4,3,0,1,3,3,3,3,2,3,2,2,2,3,3,1,3,2,1050
2,2,2,2,1,1,2,2,2,2,1,1,1,1,1,1,1,1,1,1,1,1,1,1,1,0,1,1712
2,2,2,2,3,3,1,3,1,3,1,1,1,1,1,1,2,1,1,2,2,2,2,0,1,0,1,1041
2,2,2,2,3,3,1,2,2,2,3,3,0,3,3,3,3,3,1,1,3,2,3,2,3,3,2,137
4,4,4,0,0,1,4,3,4,4,3,3,3,3,3,3,3,3,3,0,3,2,3,2,2,3,2,125
1,2,2,3,1,1,1,2,4,4,2,3,0,2,2,1,1,2,1,3,2,1,3,3,2,0,1,776
1,2,4,3,0,1,1,0,2,2,2,3,3,2,3,2,0,0,1,2,3,3,0,0,0,0,1,1040
4,4,4,4,0,0,0,2,4,4,3,3,3,3,3,3,3,3,3,3,3,3,3,3,3,3,2,310
1,1,2,1,2,2,3,3,1,1,2,1,1,1,1,1,0,1,0,1,1,1,1,0,2,1,1,1993
1,1,2,2,2,3,2,2,0,2,2,3,3,3,3,3,3,3,3,3,3,3,3,3,3,3,2,951
3,4,4,2,2,2,3,4,4,3,2,3,3,3,3,2,3,0,3,0,3,1,3,3,2,3,2,1013
0,0,2,0,4,4,4,4,0,0,0,0,0,0,0,0,0,0,3,0,3,0,1,0,0,0,1,889
2,3,3,2,3,3,4,4,3,3,1,3,1,2,2,2,3,1,3,2,2,2,3,3,1,1,2,1538
4,2,2,2,2,2,2,2,2,2,2,2,2,2,2,2,2,1,1,2,2,2,1,2,1,1,1,940
2,2,2,2,2,2,2,2,2,2,3,3,3,3,3,3,3,3,3,3,3,2,3,3,3,3,2,831
0,0,0,1,2,2,2,0,0,0,0,0,0,0,1,0,1,1,1,0,0,0,0,0,0,0,0,397
2,2,2,2,2,2,2,2,2,2,1,1,1,1,1,1,1,1,1,1,1,1,1,1,1,1,1,710
3,2,4,2,2,3,1,4,0,0,3,0,2,1,3,3,3,3,3,3,0,1,3,3,1,3,2,116
3,0,3,1,4,4,4,4,0,0,0,0,0,0,0,0,0,1,0,0,1,0,0,0,0,0,0,586
4,4,4,4,2,3,2,3,3,4,2,3,2,3,3,3,3,2,3,2,3,2,3,3,3,3,2,782
3,2,2,3,2,2,2,4,2,2,2,1,1,1,2,3,3,2,2,3,1,0,3,1,2,2,1,667
2,2,2,1,3,2,3,2,0,1,2,1,3,1,3,2,2,2,1,3,3,1,2,2,2,0,1,446
2,1,2,1,3,2,1,3,3,2,1,1,2,1,1,0,1,2,2,2,3,1,1,1,0,0,1,1275
4,2,2,2,0,3,2,2,0,0,3,0,3,0,0,3,3,1,3,1,2,2,2,2,3,0,1,1270
4,3,4,3,1,3,2,2,4,2,2,1,2,1,3,1,2,1,3,0,3,1,3,1,1,1,1,1409
2,2,2,2,2,2,2,2,2,2,2,1,1,1,1,1,1,2,2,1,3,3,1,2,1,3,1,1151
2,2,3,3,0,4,2,4,4,3,2,3,2,2,2,2,2,1,2,2,2,1,2,1,2,2,2,1336
2,2,3,3,2,2,1,2,3,4,1,1,1,1,1,0,0,2,1,1,1,0,1,0,0,0,1,1217
3,3,3,3,2,3,2,2,2,2,1,3,2,3,3,1,1,2,3,1,1,2,3,2,1,1,1,830
2,3,4,4,2,4,3,2,4,3,2,3,3,3,3,3,2,1,3,3,3,0,3,3,0,1,2,110
2,2,2,1,2,2,3,1,2,2,1,1,1,1,1,1,1,1,1,1,1,1,1,1,1,0,1,884
3,2,3,2,2,2,2,3,3,3,3,2,3,3,3,1,2,2,3,3,3,2,3,3,2,2,2,361
4,4,4,4,3,4,2,3,4,4,3,1,0,3,3,3,3,1,1,1,1,2,3,2,3,3,2,1677
1,2,2,0,2,2,3,2,2,1,1,3,3,1,2,1,3,1,3,2,3,2,2,3,1,3,1,15
0,0,1,0,2,2,4,0,2,1,0,1,0,0,2,2,0,0,3,0,0,0,0,1,0,0,0,914
2,4,2,2,1,2,2,2,0,3,2,1,2,2,1,3,1,1,2,2,2,3,0,2,1,1,1,562
4,3,4,4,2,4,2,4,4,3,3,3,0,3,3,1,2,0,1,0,1,0,3,3,0,1,2,599
2,2,4,2,2,2,2,3,4,1,3,3,3,3,3,3,1,1,2,1,2,2,2,2,2,2,2,892
3,3,4,3,3,2,2,2,3,2,3,0,1,3,3,3,3,1,3,0,3,2,3,0,1,3,2,1436
1,3,2,1,1,3,1,3,1,1,1,1,0,0,0,0,0,0,0,0,2,3,0,2,0,0,1,152
1,1,0,0,3,1,1,0,2,0,1,0,3,1,2,3,3,3,3,1,2,1,3,1,2,3,2,1290
4,0,2,0,1,0,2,0,3,2,1,1,1,1,2,1,2,2,2,3,2,3,2,2,2,2,1,281
2,2,2,2,4,4,2,4,2,2,2,0,2,1,1,2,2,1,1,1,1,1,1,2,1,1,1,1976
2,3,3,3,3,3,2,3,4,4,2,3,3,3,3,3,3,3,3,0,3,1,3,3,0,0,2,1199
2,2,2,2,2,2,2,2,2,2,2,3,3,1,3,2,3,2,3,3,2,3,2,2,2,0,2,248
1,1,2,1,2,2,3,3,1,1,1,1,1,1,1,1,1,1,1,1,0,2,1,2,1,1,1,355
2,3,2,3,1,4,2,3,3,2,2,2,1,1,2,2,1,1,2,2,1,1,3,0,0,2,1,1596
2,2,3,4,3,2,3,4,4,4,2,1,0,3,3,3,3,0,3,3,3,2,3,3,2,0,2,991
3,2,2,2,0,2,1,2,1,1,0,0,1,0,1,0,2,1,0,0,2,3,0,0,0,0,1,1090
2,3,3,3,1,1,2,1,2,2,1,1,1,1,1,1,1,1,1,1,1,1,1,1,1,1,1,877
4,4,4,4,4,4,2,4,4,4,1,3,3,3,3,3,3,1,1,3,3,1,2,3,0,1,2,1588
1,2,1,1,0,2,0,0,4,2,1,1,1,0,2,1,0,2,0,2,1,0,1,1,1,0,1,482
3,3,4,4,2,2,3,1,2,3,2,3,2,3,3,3,3,1,2,1,1,3,2,1,2,0,2,693
1,2,2,3,1,1,1,1,3,2,1,2,1,1,1,1,1,2,0,1,0,1,0,1,1,0,1,338
4,4,3,4,0,3,3,2,4,3,3,3,3,3,2,3,3,0,3,2,3,3,3,3,0,3,2,500
2,1,2,1,1,0,1,0,1,1,2,1,2,1,2,2,1,0,1,1,2,1,1,1,1,0,1,1922
0,0,2,0,2,2,2,1,2,2,2,1,1,1,3,1,3,1,1,1,1,1,0,0,0,0,1,1646
2,2,3,3,1,1,2,2,3,3,2,1,3,3,2,2,2,1,2,2,3,2,2,2,1,0,2,1271
2,3,3,2,2,3,3,3,2,1,2,3,1,1,2,1,3,2,3,3,3,3,3,3,0,1,1,1242
2,2,2,2,1,2,2,3,3,2,1,3,1,1,1,2,0,2,2,1,1,2,3,1,0,0,1,941
3,2,4,3,1,2,2,3,4,4,2,1,1,3,3,3,3,0,3,3,3,2,3,3,2,0,2,1265
2,3,1,2,2,3,2,2,1,2,2,1,3,1,2,0,3,1,1,3,3,0,0,1,0,0,1,1963
1,2,2,1,3,4,2,3,0,2,1,1,1,2,0,1,1,1,3,3,2,0,2,0,1,2,1,1674
1,1,1,0,4,4,4,4,0,0,1,1,1,0,1,0,2,1,0,0,0,0,1,0,0,0,1,1593
2,2,4,4,0,0,0,1,3,3,3,3,3,3,3,3,3,0,2,3,2,3,2,3,0,0,2,612
2,2,2,2,2,2,2,2,2,2,0,0,1,1,1,1,1,1,1,1,1,1,1,1,1,0,1,1408
1,2,1,2,2,2,4,4,0,2,2,0,2,2,2,2,2,0,2,2,2,1,1,1,1,1,1,1805
2,2,2,2,2,3,2,2,2,1,1,2,2,0,1,2,1,0,1,2,2,0,1,1,2,2,1,791
0,2,2,2,2,2,2,2,2,2,1,1,2,2,2,2,2,2,2,2,2,2,2,2,2,2,1,538
2,2,2,2,2,2,2,2,2,2,2,1,1,2,1,1,1,2,1,1,1,1,1,1,1,1,1,313
1,1,1,0,2,1,1,1,2,2,1,1,1,0,1,1,1,1,3,0,3,3,0,1,3,0,1,1104
2,2,2,2,0,2,1,2,2,2,2,1,2,2,2,2,1,1,1,1,2,1,1,1,0,0,1,445
4,4,2,2,2,4,2,2,4,4,3,0,3,2,1,3,1,0,1,1,3,3,0,2,3,3,2,1713
4,4,4,4,3,4,4,4,4,4,3,0,3,3,3,3,3,1,3,3,3,2,3,3,3,1,2,1877
2,2,2,2,1,2,2,2,3,3,1,1,2,2,2,2,1,1,2,1,1,1,3,2,2,2,1,47
3,3,2,3,2,3,2,3,4,3,1,1,1,1,1,1,1,1,1,1,1,1,1,1,1,1,1,387
1,2,3,2,0,1,1,0,3,2,2,2,2,2,2,2,2,2,2,2,2,2,2,2,2,2,1,1237
0,0,2,0,2,2,3,4,0,1,0,0,0,1,0,0,0,2,0,1,1,1,1,1,1,1,1,1350
2,4,2,2,0,3,1,2,1,2,1,2,1,2,2,2,3,1,1,2,1,1,1,1,1,1,1,850
3,2,1,2,1,3,1,2,1,1,1,1,1,2,0,1,1,3,2,1,2,1,1,1,1,1,1,1836
2,2,2,2,2,3,3,2,2,2,2,2,2,1,1,1,1,1,1,1,1,1,1,1,1,1,1,1598
2,1,2,1,2,2,1,4,4,3,2,1,1,1,2,0,3,0,3,1,3,0,3,3,1,1,1,1333
3,4,4,4,2,2,2,3,4,4,2,3,2,2,3,3,3,2,2,2,3,2,2,2,1,0,2,1205
4,4,4,4,2,4,1,4,4,3,2,2,1,1,1,1,1,2,3,3,2,2,3,2,1,3,2,933
3,3,4,2,4,4,1,4,4,4,3,3,3,3,3,3,3,3,3,3,2,1,3,3,3,2,2,165
2,2,2,2,2,2,2,2,2,2,2,2,2,2,3,2,1,2,2,2,2,0,2,2,1,0,1,1011
2,2,2,2,3,1,2,2,2,2,1,1,1,2,2,2,2,1,2,2,2,2,2,1,2,1,1,1069
1,0,2,1,1,1,2,1,1,1,1,1,0,1,1,0,0,1,0,0,1,0,1,1,1,0,0,160
3,3,4,3,1,2,2,2,3,3,2,3,3,2,2,3,3,0,3,3,3,3,3,3,3,3,2,883
4,4,4,4,3,3,3,2,2,4,2,0,2,2,2,1,1,1,1,1,2,2,2,2,1,2,1,315
4,4,4,3,3,4,3,3,3,4,3,3,2,2,2,2,2,3,3,3,3,2,3,3,1,3,2,1049
2,2,4,4,0,4,2,4,4,4,2,3,3,1,3,3,3,3,3,3,3,3,3,2,3,0,2,1375
4,4,3,4,0,1,3,0,1,1,2,1,3,3,2,3,1,1,2,2,2,2,0,2,1,0,1,718
2,1,3,3,0,2,0,2,2,2,1,1,1,1,2,2,2,1,2,2,2,1,1,1,1,1,1,971
2,0,3,0,4,4,4,4,0,2,0,0,0,2,1,0,0,2,0,1,3,0,0,0,0,0,1,1587
1,0,1,1,3,3,3,3,1,1,1,1,1,1,1,1,1,1,1,1,0,0,0,0,0,0,1,1437
2,3,3,2,2,2,2,3,2,3,2,1,1,1,3,2,2,2,3,3,2,0,1,1,2,1,1,1298
2,2,2,2,2,2,2,2,2,2,2,2,2,2,2,2,2,2,2,2,2,2,2,2,2,2,1,1627
1,1,2,0,1,1,1,1,1,1,0,1,2,1,1,0,0,3,0,0,0,0,0,0,0,0,0,243
4,3,3,3,0,1,1,2,4,3,2,2,2,2,2,2,2,2,1,1,1,1,1,1,0,2,1,167
3,3,4,3,2,2,3,3,4,3,3,3,3,2,3,3,3,3,3,3,3,3,3,2,3,3,2,493
4,4,4,4,0,3,4,4,4,4,2,3,1,3,3,1,3,1,3,3,1,3,3,0,3,3,2,114
2,2,2,2,1,1,2,2,3,2,2,2,1,1,1,1,1,1,1,1,1,1,1,1,1,0,1,556
2,2,2,2,2,4,2,3,2,2,2,2,3,3,3,3,3,2,3,3,3,3,3,3,3,0,2,947
3,4,4,2,2,4,4,4,4,4,3,3,3,3,3,3,3,0,3,3,3,3,3,3,3,3,2,645
3,2,2,2,2,2,2,2,2,2,1,1,1,1,1,1,1,2,1,1,1,1,1,1,1,0,1,277
3,3,4,4,2,2,2,2,4,4,3,3,3,2,3,3,1,2,3,2,3,2,2,1,0,0,2,604
3,3,4,3,2,3,1,4,3,3,3,2,2,2,3,3,2,1,3,3,3,3,3,1,2,3,2,1468
3,3,3,3,2,3,3,3,3,3,2,1,1,2,2,2,2,1,2,1,3,1,2,2,2,0,1,1146
4,4,4,3,2,4,4,4,2,2,2,3,1,2,2,1,3,1,3,3,3,2,3,3,2,3,2,193
2,2,4,4,2,4,4,1,4,4,3,3,3,3,3,3,3,3,3,3,3,3,3,3,3,3,2,1119
4,4,4,4,2,2,3,2,4,4,2,2,3,3,3,3,3,1,3,3,3,3,3,3,3,3,2,357
4,4,4,4,3,4,1,2,4,4,3,3,3,3,3,3,3,1,3,3,3,3,3,3,3,2,2,523
4,3,4,3,2,3,3,2,3,4,2,2,3,2,3,3,1,1,3,1,3,3,3,2,2,1,2,810
0,2,2,0,0,0,2,3,0,0,2,0,0,0,1,1,3,2,0,0,1,0,0,0,0,0,0,519
0,0,0,0,4,1,0,1,2,2,2,2,2,2,2,2,1,2,0,1,3,0,1,1,1,1,1,225
1,1,1,1,2,3,3,3,1,1,1,1,1,1,1,1,1,1,1,1,1,1,1,1,1,1,1,683
2,2,2,2,2,2,2,2,2,2,1,1,1,1,1,1,1,1,1,1,1,1,1,1,1,1,1,1946
2,3,4,4,1,2,2,2,2,3,3,3,2,1,2,2,2,1,3,1,3,2,3,2,2,1,2,81
2,1,1,1,2,2,2,2,2,1,2,1,1,1,1,1,1,2,0,0,3,1,2,2,1,1,1,174
2,2,2,2,2,2,2,2,2,2,1,1,1,1,1,1,1,1,1,1,1,1,1,1,1,1,1,1268
0,2,3,4,2,4,2,4,0,0,3,3,2,3,3,0,0,0,0,3,0,3,3,3,0,0,1,1664
2,3,4,3,2,3,2,3,1,2,3,2,2,2,2,2,0,1,2,1,3,1,3,2,3,0,1,1826
4,4,4,4,3,3,4,4,4,4,3,0,3,2,3,3,2,0,3,3,3,3,3,3,1,2,2,395
4,4,4,4,3,3,1,3,4,4,3,3,3,3,3,2,3,1,3,3,3,3,3,3,3,2,2,1722
2,2,2,2,2,4,2,4,2,2,1,3,3,1,3,3,1,1,1,3,3,3,3,3,1,0,2,1817
4,4,4,3,1,2,0,4,4,2,2,3,3,3,3,3,3,3,3,3,3,2,3,3,3,3,2,571
3,4,4,4,1,2,2,2,4,4,3,3,3,1,2,2,3,2,3,3,3,3,3,3,3,3,2,453
2,2,2,2,2,2,1,2,2,1,2,2,2,1,2,2,0,0,0,2,2,0,1,1,0,0,1,1277
3,2,4,4,3,3,3,2,3,4,2,2,3,2,3,3,2,1,3,1,2,1,3,3,0,1,2,888
2,1,2,2,2,4,2,3,1,1,1,0,1,0,0,0,0,0,0,0,0,0,0,0,0,0,0,979
3,3,2,3,1,2,2,2,3,2,2,0,2,1,3,2,3,1,2,2,3,3,3,3,1,3,1,214
3,4,2,2,2,3,3,3,3,2,1,1,2,1,1,1,2,2,3,2,3,2,2,2,2,0,2,393
2,2,2,2,2,2,2,2,2,2,0,0,0,0,0,0,0,0,0,0,0,0,0,0,0,0,0,69
1,2,2,0,2,3,3,2,1,1,2,2,1,1,2,3,1,1,2,2,2,1,2,2,1,1,1,559
4,4,4,4,0,4,3,4,4,4,3,3,3,3,3,3,3,3,3,3,3,3,3,3,3,3,2,867
2,2,2,2,1,2,2,2,2,1,1,1,1,2,1,1,1,1,1,1,2,1,1,1,1,1,1,564
4,4,4,4,4,4,2,4,4,4,3,3,3,3,3,3,3,3,3,3,3,3,3,3,0,0,2,2020
1,4,4,2,2,4,0,2,4,4,3,3,3,3,3,3,3,3,3,3,3,3,3,3,3,0,2,1125
3,3,4,4,2,2,2,2,3,3,2,2,1,2,2,1,1,0,2,3,3,3,3,2,0,1,2,953
2,2,2,2,2,2,2,2,2,2,2,2,2,2,2,2,2,2,2,2,2,2,2,2,2,2,1,401
3,3,2,3,3,2,2,3,3,4,2,2,2,2,1,2,3,0,2,2,2,2,2,3,2,0,2,1327
0,0,0,0,4,4,4,3,2,0,2,0,0,0,1,1,3,0,1,0,0,0,0,0,0,0,1,252
3,4,4,4,2,2,2,3,2,3,2,3,3,1,2,3,3,1,2,3,3,0,1,1,0,1,2,286
1,1,1,1,3,3,3,3,1,1,1,1,1,1,1,1,1,1,1,1,1,1,1,1,1,1,1,253
2,2,2,2,2,2,2,2,2,2,2,2,3,3,3,3,3,3,3,3,3,3,3,3,3,3,2,949
1,1,2,2,2,2,2,3,2,2,2,2,2,2,2,2,2,2,2,2,2,2,2,2,2,2,1,1487
2,2,2,2,2,2,2,2,2,2,1,3,1,2,3,1,3,1,3,2,3,0,3,2,3,0,1,21
0,0,1,0,3,2,3,2,1,2,1,0,2,1,0,0,1,0,0,0,0,1,0,1,1,1,1,420
4,2,4,4,3,3,3,3,4,4,2,3,3,2,1,1,1,1,2,2,2,1,3,1,0,2,1,113
2,2,4,2,2,3,2,3,3,1,3,1,3,1,2,1,1,2,1,2,1,1,0,2,2,0,1,560
0,0,1,0,2,2,2,2,2,1,0,0,0,1,0,0,0,2,1,1,2,0,0,0,1,0,0,676
1,2,1,2,1,2,2,0,2,2,1,1,1,1,1,1,1,1,1,0,1,1,0,0,0,0,1,934
2,2,4,3,1,2,2,3,3,3,3,2,2,2,2,2,1,2,3,2,3,3,2,1,2,2,1,1541
4,3,3,3,1,4,4,4,4,4,2,1,1,1,3,1,2,0,3,1,3,1,3,0,1,1,1,1581
2,2,4,4,3,4,3,3,4,4,3,3,3,3,3,3,3,3,3,3,2,3,3,3,2,3,2,1784
3,3,3,4,0,1,2,3,4,3,3,3,3,3,3,3,3,3,3,3,3,3,3,3,3,3,2,1572
2,2,2,2,1,2,2,2,2,2,2,2,2,2,2,2,2,2,2,2,2,2,2,2,2,2,1,1346
4,4,4,4,2,4,3,0,4,4,3,3,3,3,3,3,3,3,3,3,3,3,3,3,3,2,2,1396
1,1,1,0,1,1,2,2,2,2,1,1,2,1,2,1,1,2,1,0,1,0,0,1,1,0,1,1239
3,0,3,2,1,1,1,2,2,2,1,1,2,1,2,2,2,2,1,1,1,2,0,1,0,1,1,1323
0,0,0,0,4,4,4,4,0,0,0,0,0,0,0,0,0,0,0,0,0,0,0,0,0,0,0,1703
4,2,4,4,2,2,2,2,3,2,3,0,3,2,3,3,3,0,1,3,3,3,3,1,1,1,2,78
2,2,4,3,2,1,2,2,3,2,2,1,1,2,2,2,3,2,3,2,3,1,3,2,1,3,1,1875
1,1,2,1,3,2,3,3,1,0,1,1,1,0,1,2,2,0,1,2,1,0,1,2,2,2,1,1024
2,1,1,1,2,1,1,1,3,3,2,1,2,2,1,0,3,3,2,2,1,3,1,3,3,2,1,1633
2,2,2,2,2,2,2,4,0,0,0,0,0,0,0,0,0,0,0,0,2,1,1,1,0,1,1,1100
1,2,3,3,3,4,3,4,3,2,1,2,2,3,3,2,3,3,3,3,2,1,3,2,2,3,2,54
3,3,2,2,3,3,1,3,3,2,1,2,2,2,1,3,2,2,2,3,1,0,3,1,2,3,1,740
2,3,4,2,2,1,2,1,1,2,1,1,2,1,0,3,0,2,1,1,2,0,0,0,1,0,1,1460
2,2,2,2,2,2,2,2,2,2,0,0,0,0,0,0,0,0,0,0,0,0,0,0,0,0,0,1131
2,2,2,3,1,2,2,2,4,4,1,0,0,1,3,1,3,2,2,2,3,1,2,3,3,0,1,1342
2,3,3,3,1,1,2,2,4,4,3,0,3,3,3,3,3,2,3,3,3,3,3,3,3,3,2,439
2,2,2,1,2,2,2,2,2,2,1,2,2,2,2,1,3,0,2,3,2,2,2,2,2,2,1,876
4,3,4,4,3,4,0,4,4,4,3,3,3,3,3,3,3,3,3,3,3,3,3,3,3,3,2,1811
1,2,3,1,2,4,3,2,0,3,0,1,2,0,1,0,2,3,0,3,3,0,1,2,0,0,1,1529
4,4,4,4,2,3,4,2,4,3,3,3,3,3,3,3,3,0,2,3,3,3,3,3,2,1,2,432
1,1,2,2,1,1,0,2,1,2,0,0,1,1,1,1,0,0,1,0,0,2,1,1,0,0,0,547
2,2,2,2,2,2,2,2,2,2,2,2,2,2,2,2,2,2,2,3,3,3,1,3,3,3,1,219
3,3,4,3,2,3,2,4,4,4,2,2,2,1,2,2,1,1,2,3,1,2,3,1,1,1,2,1232
3,4,4,3,2,3,2,2,2,4,3,2,3,3,2,3,3,2,2,2,1,1,3,3,3,0,2,578
2,2,2,0,2,4,2,3,2,2,3,3,2,3,3,3,1,0,1,1,3,3,3,0,0,1,1,701
2,2,3,2,1,1,3,2,1,3,1,1,2,2,1,2,1,2,1,1,2,1,3,2,2,0,1,845
3,3,3,3,2,3,2,3,4,4,3,0,2,3,3,3,3,2,2,2,2,1,2,2,2,2,2,957
2,3,4,3,3,3,2,4,0,2,3,1,0,3,3,1,1,1,3,1,1,1,1,1,1,1,1,1466
2,2,2,2,2,3,3,3,2,2,1,1,1,1,1,1,1,3,1,1,1,1,2,0,0,0,1,1499
2,0,2,1,0,2,2,2,2,1,0,1,0,1,0,0,0,1,0,0,0,0,0,0,0,0,0,1772
4,4,3,4,2,3,2,2,2,3,3,1,2,2,2,2,3,1,3,0,3,3,3,3,1,3,2,1356
3,3,2,3,2,3,2,3,2,3,2,2,2,2,2,2,2,2,2,2,2,2,2,2,0,1,1,1951
1,3,1,3,1,0,2,3,0,4,1,0,2,3,0,1,0,1,1,1,1,0,0,1,0,0,1,615
4,4,4,4,4,4,4,3,3,4,1,2,2,3,2,0,1,3,3,2,0,1,1,1,2,1,1,662
4,4,2,2,2,2,2,2,2,2,1,2,1,1,1,1,1,1,1,2,1,1,1,0,1,2,1,1434
2,2,2,2,1,1,2,2,2,2,2,2,2,2,2,2,2,2,3,2,2,2,2,2,3,3,1,1637
2,2,2,2,2,2,2,3,2,1,2,2,1,1,1,1,1,1,1,1,1,1,1,1,1,1,1,1778
4,4,4,4,1,4,2,4,4,4,2,2,3,3,3,2,3,1,2,3,3,3,3,3,3,0,2,898
0,0,0,0,4,4,4,4,0,0,0,0,0,0,0,0,0,1,0,1,1,1,1,1,1,1,1,182
3,3,3,3,2,3,1,4,3,4,2,1,1,1,1,1,1,1,1,3,2,1,2,2,1,0,1,623
4,4,4,4,4,4,4,4,3,4,3,3,3,3,3,3,3,0,3,3,3,3,3,3,3,3,2,1921
2,2,2,0,2,2,2,3,2,0,1,0,3,3,3,1,0,1,0,0,1,0,0,0,1,1,1,906
2,2,3,3,2,2,2,2,2,2,1,1,1,1,1,1,1,2,1,1,1,1,1,1,1,1,1,348
4,4,4,4,0,0,4,3,4,4,3,3,3,3,3,2,3,0,3,3,3,3,3,3,3,3,2,1654
3,3,4,4,2,3,2,1,3,4,2,3,2,2,2,2,2,1,2,0,1,2,2,2,2,2,2,257
3,2,3,3,2,2,2,2,2,2,2,1,2,2,2,2,1,0,2,2,2,2,1,2,1,1,1,518
2,1,2,2,2,3,3,3,2,2,1,1,2,1,2,1,2,0,1,2,2,1,2,2,2,1,1,1607
2,2,3,0,0,1,2,0,2,2,1,1,1,0,0,0,0,3,0,1,2,1,0,0,0,0,1,1056
2,0,2,0,0,0,0,1,0,0,1,1,1,1,1,0,0,1,0,0,1,1,0,1,1,0,1,1233
0,1,1,1,0,1,1,0,1,2,1,1,0,1,1,1,1,1,1,1,1,2,0,0,0,0,1,306
3,1,4,2,3,2,4,2,3,1,2,3,2,2,2,2,3,0,3,3,2,2,3,1,2,0,2,848
2,3,3,1,2,3,2,2,2,2,2,2,2,2,3,2,2,1,2,1,3,1,1,3,3,1,2,1800
2,3,2,3,1,2,3,2,1,2,2,2,2,2,2,2,2,1,1,3,3,1,1,1,0,1,1,1909
0,0,2,0,0,0,0,2,3,0,0,1,1,1,1,1,1,3,1,1,1,1,1,1,1,1,1,470
3,2,3,1,2,1,2,1,3,2,2,1,1,2,2,2,2,1,1,1,2,1,1,2,2,1,1,163
3,3,3,1,3,2,2,2,2,1,3,0,3,3,0,3,3,3,3,0,1,3,3,3,3,3,2,188
4,4,4,4,4,4,4,4,4,4,3,0,3,3,3,3,3,0,3,3,3,2,3,1,1,3,2,606
2,2,2,2,2,2,2,2,1,0,2,3,3,2,2,3,3,2,3,3,2,3,2,3,3,3,2,1746
2,2,3,3,1,1,2,2,2,3,2,3,1,3,2,1,1,1,2,1,3,1,1,2,0,0,1,24
4,4,4,4,3,3,3,3,4,4,3,2,3,3,3,3,3,3,3,2,3,1,3,3,3,2,2,1869
2,2,2,2,2,2,2,1,1,2,1,1,1,1,1,1,1,1,1,2,2,2,3,2,0,0,1,1190
3,4,4,3,2,3,2,3,2,3,2,2,2,3,2,1,2,0,1,3,3,2,2,2,0,0,1,1229
2,4,4,4,2,3,2,3,3,4,3,3,0,2,2,3,3,1,3,3,3,3,3,3,3,3,2,1645
3,3,3,3,1,3,1,3,3,3,3,3,3,3,3,3,3,2,3,3,3,2,2,2,3,2,2,1639
0,0,0,0,4,4,4,3,0,0,0,0,0,0,0,0,0,0,0,0,0,0,0,0,0,0,0,1889
3,1,3,3,1,1,3,1,1,2,2,2,3,2,2,2,1,0,2,2,2,0,1,1,1,0,1,1036
4,4,4,4,4,4,4,4,4,4,3,3,3,3,3,3,3,0,3,3,3,3,3,3,3,3,2,890
2,3,3,4,1,2,2,2,3,3,2,2,3,2,3,3,3,3,3,3,3,3,3,1,1,3,2,429
3,2,3,3,3,2,2,1,3,2,2,1,3,1,3,3,3,1,2,3,3,3,3,2,3,1,2,591
2,3,2,2,3,2,0,3,4,2,1,1,1,1,0,1,0,3,3,2,2,1,3,2,2,1,1,32
2,2,3,2,1,1,1,1,2,2,1,0,3,1,0,0,0,3,0,3,0,0,0,3,1,0,1,1462
3,4,4,4,0,3,2,3,4,3,3,1,1,1,2,2,2,2,3,1,2,1,2,3,2,1,2,40
1,1,2,2,2,2,1,2,0,3,1,1,1,0,1,1,1,1,1,1,1,2,2,3,1,0,1,1044
2,2,1,1,4,1,3,3,1,2,2,1,1,2,0,0,2,1,1,2,2,1,1,1,0,1,1,1743
2,2,3,3,1,3,2,2,4,2,2,1,2,1,1,2,1,1,2,2,0,2,1,1,1,2,1,769
0,0,0,2,4,4,4,4,1,0,0,0,1,1,1,1,0,1,0,0,0,1,0,1,1,1,1,1896
4,4,4,4,2,2,2,0,4,4,3,0,0,0,3,3,3,3,3,3,3,3,1,1,0,1,2,1745
4,3,4,3,1,4,2,1,3,4,3,3,3,3,3,3,3,3,3,2,2,2,2,3,3,3,2,770
2,1,1,1,1,1,1,1,2,1,1,2,2,2,2,1,1,1,1,1,1,1,1,1,1,0,1,1752
3,3,2,2,1,3,3,2,3,4,2,2,2,2,1,1,1,2,1,0,1,2,2,2,1,1,1,670
2,2,1,3,1,1,1,1,4,4,2,3,3,2,2,2,2,3,3,3,3,3,2,2,3,3,2,1551
2,2,2,1,2,2,2,1,3,2,2,1,3,2,2,3,2,2,3,3,2,2,2,2,3,0,2,1632
3,1,3,2,1,2,1,3,3,2,2,1,1,1,2,0,1,3,3,1,3,3,3,3,1,2,1,234
4,4,4,2,0,2,2,3,4,4,3,3,3,1,3,3,3,1,3,3,3,2,3,2,3,3,2,1974
4,4,4,4,0,4,1,4,4,4,3,3,3,3,3,2,3,0,2,3,3,3,2,3,3,0,2,1352
2,2,4,4,0,4,4,3,4,4,2,0,2,3,3,2,3,1,3,3,3,0,1,2,2,0,2,1461
2,2,4,4,0,2,3,1,3,3,3,3,3,3,3,3,3,0,3,3,3,3,3,3,2,2,2,1687
3,2,3,3,1,2,3,1,3,2,2,2,3,2,2,3,1,2,2,3,3,3,2,2,2,0,2,611
4,4,4,2,0,0,0,4,4,4,3,3,3,3,3,3,3,3,3,3,3,3,3,3,3,3,2,1383
0,0,2,1,2,2,4,3,2,1,0,1,0,2,1,0,2,1,0,2,2,0,2,2,1,2,1,967
1,0,2,2,0,1,2,1,0,2,1,1,1,1,1,1,0,2,0,1,2,1,1,1,0,0,1,1577
3,2,4,3,2,2,2,2,1,3,2,3,3,2,1,1,1,2,2,1,3,3,2,3,3,3,1,109
2,2,2,3,1,3,3,4,1,1,1,2,1,1,2,1,1,1,1,2,1,1,1,1,1,1,1,424
2,2,2,2,2,2,2,2,2,2,1,1,2,2,2,2,2,2,2,3,2,2,2,2,2,2,1,1344
2,3,4,2,2,3,3,3,3,2,1,3,3,2,1,1,2,1,1,1,1,2,2,2,1,2,1,1680
2,3,3,2,1,3,2,2,4,2,1,1,3,2,1,1,3,1,3,1,2,3,0,1,3,0,1,1319
3,2,3,3,0,0,1,0,4,3,3,3,3,3,3,3,3,1,3,3,3,3,3,2,1,0,2,852
3,2,3,4,4,4,2,4,4,4,2,0,1,2,0,1,0,3,2,2,3,3,3,3,2,3,2,2015
