Feature_Method,Model,Seed,Best_Val_F1_Macro,Best_Epoch,Accuracy,Precision_Weighted,Recall_Weighted,F1_Weighted,F1_Macro,Precision_Macro,Recall_Macro,Balanced_Accuracy,MCC,AUC_Macro_OvR,F1_Stable,F1_Challenged,F1_Critical
rfe,ANN,42,0.8663,12,0.9111,0.9139,0.9111,0.9117,0.8604,0.8462,0.8773,0.8773,0.8375,0.9756,0.7347,0.9189,0.9274
rfe,CNN,42,0.8763,21,0.9086,0.9096,0.9086,0.9091,0.8624,0.8541,0.8716,0.8716,0.83,0.9785,0.75,0.9187,0.9186
skb,ANN,42,0.8796,12,0.8988,0.8991,0.8988,0.8988,0.8519,0.8505,0.8534,0.8534,0.8119,0.9712,0.7391,0.9091,0.9073
skb,CNN,42,0.8675,18,0.9062,0.9114,0.9062,0.9066,0.88,0.8638,0.9011,0.9011,0.8317,0.9771,0.8163,0.9128,0.9108
fscs,ANN,42,0.8986,18,0.9012,0.9035,0.9012,0.9012,0.8539,0.8511,0.8584,0.8584,0.8195,0.9719,0.7391,0.9095,0.913
fscs,CNN,42,0.8795,15,0.9136,0.9137,0.9136,0.9136,0.875,0.8741,0.8759,0.8759,0.839,0.9762,0.7826,0.9227,0.9196
etc,ANN,42,0.8908,28,0.9012,0.9009,0.9012,0.901,0.8452,0.851,0.8398,0.8398,0.8147,0.9685,0.7111,0.913,0.9115
etc,CNN,42,0.8538,3,0.8864,0.8946,0.8864,0.8878,0.8383,0.813,0.875,0.875,0.7974,0.9759,0.717,0.894,0.904
pc,ANN,42,0.8796,12,0.8988,0.8991,0.8988,0.8988,0.8519,0.8505,0.8534,0.8534,0.8119,0.9712,0.7391,0.9091,0.9073
pc,CNN,42,0.8675,18,0.9062,0.9114,0.9062,0.9066,0.88,0.8638,0.9011,0.9011,0.8317,0.9771,0.8163,0.9128,0.9108
mi,ANN,42,0.8908,28,0.9012,0.9009,0.9012,0.901,0.8452,0.851,0.8398,0.8398,0.8147,0.9685,0.7111,0.913,0.9115
mi,CNN,42,0.8538,3,0.8864,0.8946,0.8864,0.8878,0.8383,0.813,0.875,0.875,0.7974,0.9759,0.717,0.894,0.904
mir,ANN,42,0.8796,12,0.8988,0.8991,0.8988,0.8988,0.8519,0.8505,0.8534,0.8534,0.8119,0.9712,0.7391,0.9091,0.9073
mir,CNN,42,0.8675,18,0.9062,0.9114,0.9062,0.9066,0.88,0.8638,0.9011,0.9011,0.8317,0.9771,0.8163,0.9128,0.9108
mu,ANN,42,0.8626,12,0.8889,0.8914,0.8889,0.8899,0.8095,0.7992,0.8215,0.8215,0.7944,0.9689,0.6122,0.9002,0.9161
mu,CNN,42,0.8457,11,0.8914,0.8926,0.8914,0.8914,0.8213,0.8254,0.8181,0.8181,0.7963,0.9719,0.6522,0.9056,0.906
vt,ANN,42,0.8236,11,0.879,0.8796,0.879,0.8792,0.833,0.8281,0.8382,0.8382,0.7749,0.9574,0.7234,0.8918,0.8839
vt,CNN,42,0.8477,4,0.8963,0.9015,0.8963,0.8979,0.8453,0.8215,0.878,0.878,0.8107,0.9687,0.717,0.9058,0.9132
rfe,ANN,43,0.8861,5,0.8988,0.9001,0.8988,0.8992,0.8624,0.8508,0.876,0.876,0.8117,0.9706,0.7755,0.9103,0.9013
rfe,CNN,43,0.8907,1,0.9037,0.9043,0.9037,0.904,0.8391,0.8344,0.844,0.844,0.8209,0.9654,0.6809,0.9139,0.9226
skb,ANN,43,0.8625,5,0.8988,0.9017,0.8988,0.8998,0.8544,0.8356,0.8781,0.8781,0.8133,0.9756,0.7451,0.9091,0.9091
skb,CNN,43,0.8866,4,0.8938,0.9014,0.8938,0.8942,0.8596,0.8443,0.8815,0.8815,0.8118,0.9832,0.7755,0.9002,0.903
fscs,ANN,43,0.8484,11,0.9111,0.9134,0.9111,0.9116,0.8718,0.8573,0.8889,0.8889,0.8369,0.9718,0.7755,0.9193,0.9206
fscs,CNN,43,0.8805,5,0.8988,0.9017,0.8988,0.8998,0.8544,0.8356,0.8781,0.8781,0.8133,0.9777,0.7451,0.9091,0.9091
etc,ANN,43,0.8591,8,0.8914,0.9011,0.8914,0.8935,0.8418,0.8108,0.8903,0.8903,0.8063,0.9767,0.7143,0.8991,0.9119
etc,CNN,43,0.8884,4,0.9012,0.9029,0.9012,0.9012,0.8538,0.8513,0.8577,0.8577,0.8187,0.9787,0.7391,0.9099,0.9125
pc,ANN,43,0.8625,5,0.8988,0.9017,0.8988,0.8998,0.8544,0.8356,0.8781,0.8781,0.8133,0.9756,0.7451,0.9091,0.9091
pc,CNN,43,0.8866,4,0.8938,0.9014,0.8938,0.8942,0.8596,0.8443,0.8815,0.8815,0.8118,0.9832,0.7755,0.9002,0.903
mi,ANN,43,0.8591,8,0.8914,0.9011,0.8914,0.8935,0.8418,0.8108,0.8903,0.8903,0.8063,0.9767,0.7143,0.8991,0.9119
mi,CNN,43,0.8884,4,0.9012,0.9029,0.9012,0.9012,0.8538,0.8513,0.8577,0.8577,0.8187,0.9787,0.7391,0.9099,0.9125
mir,ANN,43,0.8625,5,0.8988,0.9017,0.8988,0.8998,0.8544,0.8356,0.8781,0.8781,0.8133,0.9756,0.7451,0.9091,0.9091
mir,CNN,43,0.8866,4,0.8938,0.9014,0.8938,0.8942,0.8596,0.8443,0.8815,0.8815,0.8118,0.9832,0.7755,0.9002,0.903
mu,ANN,43,0.8361,11,0.884,0.8871,0.884,0.885,0.8253,0.8099,0.844,0.844,0.7867,0.9708,0.68,0.8949,0.901
mu,CNN,43,0.8528,5,0.8889,0.8926,0.8889,0.8903,0.8253,0.8088,0.8462,0.8462,0.7951,0.9721,0.6667,0.9002,0.9091
vt,ANN,43,0.8173,9,0.8617,0.8741,0.8617,0.8653,0.8014,0.7708,0.8548,0.8548,0.752,0.9563,0.6441,0.8727,0.8875
vt,CNN,43,0.8488,4,0.884,0.8928,0.884,0.8866,0.8329,0.8031,0.881,0.881,0.7894,0.969,0.7018,0.8949,0.902
rfe,ANN,44,0.8228,2,0.8938,0.8952,0.8938,0.8944,0.8281,0.8208,0.8361,0.8361,0.8024,0.964,0.6667,0.9055,0.9121
rfe,CNN,44,0.8308,5,0.921,0.9229,0.921,0.9215,0.879,0.8648,0.8955,0.8955,0.8545,0.9793,0.7755,0.9286,0.9329
skb,ANN,44,0.8166,2,0.8889,0.8917,0.8889,0.8898,0.8471,0.8283,0.8708,0.8708,0.7951,0.962,0.7451,0.9002,0.8961
skb,CNN,44,0.839,5,0.9086,0.9102,0.9086,0.909,0.8744,0.8635,0.8868,0.8868,0.8318,0.9781,0.7917,0.9172,0.9143
fscs,ANN,44,0.8243,2,0.8938,0.8957,0.8938,0.8941,0.8683,0.8613,0.8766,0.8766,0.8048,0.9673,0.8085,0.9034,0.8931
fscs,CNN,44,0.8397,11,0.8963,0.8991,0.8963,0.8963,0.8727,0.8816,0.8671,0.8671,0.81,0.9787,0.8182,0.905,0.8951
etc,ANN,44,0.8625,12,0.9136,0.9146,0.9136,0.9136,0.8751,0.873,0.8781,0.8781,0.8405,0.9741,0.7826,0.9217,0.9211
etc,CNN,44,0.8378,6,0.9062,0.9069,0.9062,0.9061,0.8573,0.8553,0.8599,0.8599,0.8265,0.9775,0.7391,0.9152,0.9177
pc,ANN,44,0.8166,2,0.8889,0.8917,0.8889,0.8898,0.8471,0.8283,0.8708,0.8708,0.7951,0.962,0.7451,0.9002,0.8961
pc,CNN,44,0.839,5,0.9086,0.9102,0.9086,0.909,0.8744,0.8635,0.8868,0.8868,0.8318,0.9781,0.7917,0.9172,0.9143
mi,ANN,44,0.8625,12,0.9136,0.9146,0.9136,0.9136,0.8751,0.873,0.8781,0.8781,0.8405,0.9741,0.7826,0.9217,0.9211
mi,CNN,44,0.8378,6,0.9062,0.9069,0.9062,0.9061,0.8573,0.8553,0.8599,0.8599,0.8265,0.9775,0.7391,0.9152,0.9177
mir,ANN,44,0.8166,2,0.8889,0.8917,0.8889,0.8898,0.8471,0.8283,0.8708,0.8708,0.7951,0.962,0.7451,0.9002,0.8961
mir,CNN,44,0.839,5,0.9086,0.9102,0.9086,0.909,0.8744,0.8635,0.8868,0.8868,0.8318,0.9781,0.7917,0.9172,0.9143
mu,ANN,44,0.8092,19,0.8938,0.8957,0.8938,0.8946,0.836,0.8247,0.8491,0.8491,0.8031,0.9645,0.6939,0.9051,0.9091
mu,CNN,44,0.8195,6,0.9037,0.9034,0.9037,0.9035,0.8598,0.8648,0.855,0.855,0.8197,0.9718,0.7556,0.9147,0.9091
vt,ANN,44,0.8267,5,0.8691,0.8714,0.8691,0.87,0.8065,0.7949,0.8201,0.8201,0.7584,0.9513,0.6531,0.882,0.8846
vt,CNN,44,0.8175,5,0.8963,0.8997,0.8963,0.8975,0.8417,0.8244,0.8636,0.8636,0.8086,0.9636,0.7059,0.9071,0.9121
rfe,ANN,45,0.8754,20,0.8963,0.9003,0.8963,0.8978,0.8307,0.816,0.8499,0.8499,0.8079,0.9712,0.6667,0.9079,0.9175
rfe,CNN,45,0.8371,10,0.9062,0.9159,0.9062,0.908,0.856,0.8261,0.9018,0.9018,0.8338,0.9854,0.7273,0.9124,0.9283
skb,ANN,45,0.8695,6,0.884,0.886,0.884,0.884,0.8413,0.8388,0.8454,0.8454,0.7871,0.9779,0.7391,0.8939,0.891
skb,CNN,45,0.8625,2,0.9136,0.9155,0.9136,0.9142,0.8805,0.8632,0.9013,0.9013,0.8404,0.9793,0.8,0.9224,0.9191
fscs,ANN,45,0.8406,11,0.9062,0.9057,0.9062,0.9058,0.8663,0.8772,0.8564,0.8564,0.8239,0.975,0.7727,0.917,0.9091
fscs,CNN,45,0.848,1,0.8914,0.8911,0.8914,0.891,0.8427,0.8513,0.8353,0.8353,0.7974,0.9646,0.7273,0.9027,0.8981
etc,ANN,45,0.8693,5,0.8889,0.8963,0.8889,0.8912,0.8332,0.8064,0.873,0.873,0.7981,0.972,0.6909,0.8989,0.9097
etc,CNN,45,0.8417,6,0.8938,0.9043,0.8938,0.8969,0.8307,0.8015,0.878,0.878,0.8091,0.982,0.6667,0.9025,0.9231
pc,ANN,45,0.8695,6,0.884,0.886,0.884,0.884,0.8413,0.8388,0.8454,0.8454,0.7871,0.9779,0.7391,0.8939,0.891
pc,CNN,45,0.8625,2,0.9136,0.9155,0.9136,0.9142,0.8805,0.8632,0.9013,0.9013,0.8404,0.9793,0.8,0.9224,0.9191
mi,ANN,45,0.8693,5,0.8889,0.8963,0.8889,0.8912,0.8332,0.8064,0.873,0.873,0.7981,0.972,0.6909,0.8989,0.9097
mi,CNN,45,0.8417,6,0.8938,0.9043,0.8938,0.8969,0.8307,0.8015,0.878,0.878,0.8091,0.982,0.6667,0.9025,0.9231
mir,ANN,45,0.8695,6,0.884,0.886,0.884,0.884,0.8413,0.8388,0.8454,0.8454,0.7871,0.9779,0.7391,0.8939,0.891
mir,CNN,45,0.8625,2,0.9136,0.9155,0.9136,0.9142,0.8805,0.8632,0.9013,0.9013,0.8404,0.9793,0.8,0.9224,0.9191
mu,ANN,45,0.8048,11,0.9012,0.9013,0.9012,0.9012,0.8412,0.8406,0.8419,0.8419,0.8158,0.9683,0.6957,0.9119,0.9161
mu,CNN,45,0.8251,2,0.8889,0.8895,0.8889,0.8892,0.8282,0.8241,0.8325,0.8325,0.7929,0.9695,0.6809,0.9011,0.9026
vt,ANN,45,0.8203,2,0.8642,0.8728,0.8642,0.8671,0.8019,0.777,0.8411,0.8411,0.7523,0.9458,0.6429,0.8775,0.8852
vt,CNN,45,0.8365,7,0.8741,0.892,0.8741,0.8793,0.8151,0.7817,0.8867,0.8867,0.7754,0.9673,0.6562,0.8854,0.9037
rfe,ANN,46,0.8622,17,0.9111,0.9126,0.9111,0.9113,0.8688,0.862,0.8766,0.8766,0.8365,0.9791,0.766,0.9193,0.9211
rfe,CNN,46,0.8659,3,0.8815,0.8929,0.8815,0.8833,0.828,0.7996,0.8728,0.8728,0.791,0.9759,0.6909,0.8884,0.9046
skb,ANN,46,0.8607,4,0.8889,0.8903,0.8889,0.8893,0.8481,0.8382,0.8592,0.8592,0.7946,0.9739,0.75,0.8998,0.8946
skb,CNN,46,0.8595,5,0.8765,0.8862,0.8765,0.8772,0.8499,0.828,0.8822,0.8822,0.7823,0.9825,0.7843,0.8832,0.8822
fscs,ANN,46,0.8421,8,0.8741,0.8868,0.8741,0.8767,0.8163,0.786,0.867,0.867,0.7776,0.9728,0.6667,0.8817,0.9006
fscs,CNN,46,0.8612,10,0.884,0.8945,0.884,0.8864,0.8265,0.7972,0.8728,0.8728,0.7932,0.9815,0.6786,0.892,0.9091
etc,ANN,46,0.858,6,0.8889,0.8963,0.8889,0.8912,0.8332,0.8064,0.873,0.873,0.7981,0.9732,0.6909,0.8989,0.9097
etc,CNN,46,0.8726,8,0.8988,0.9055,0.8988,0.9007,0.8438,0.8178,0.8809,0.8809,0.8165,0.9823,0.7037,0.9074,0.9201
pc,ANN,46,0.8607,4,0.8889,0.8903,0.8889,0.8893,0.8481,0.8382,0.8592,0.8592,0.7946,0.9739,0.75,0.8998,0.8946
pc,CNN,46,0.8595,5,0.8765,0.8862,0.8765,0.8772,0.8499,0.828,0.8822,0.8822,0.7823,0.9825,0.7843,0.8832,0.8822
mi,ANN,46,0.858,6,0.8889,0.8963,0.8889,0.8912,0.8332,0.8064,0.873,0.873,0.7981,0.9732,0.6909,0.8989,0.9097
mi,CNN,46,0.8726,8,0.8988,0.9055,0.8988,0.9007,0.8438,0.8178,0.8809,0.8809,0.8165,0.9823,0.7037,0.9074,0.9201
mir,ANN,46,0.8607,4,0.8889,0.8903,0.8889,0.8893,0.8481,0.8382,0.8592,0.8592,0.7946,0.9739,0.75,0.8998,0.8946
mir,CNN,46,0.8595,5,0.8765,0.8862,0.8765,0.8772,0.8499,0.828,0.8822,0.8822,0.7823,0.9825,0.7843,0.8832,0.8822
mu,ANN,46,0.8448,4,0.8568,0.8666,0.8568,0.8585,0.803,0.7775,0.8416,0.8416,0.7447,0.9671,0.6667,0.8657,0.8765
mu,CNN,46,0.8748,12,0.879,0.8843,0.879,0.881,0.8041,0.7866,0.8273,0.8273,0.7777,0.9742,0.6154,0.8909,0.9061
vt,ANN,46,0.7955,4,0.8617,0.8657,0.8617,0.863,0.8055,0.7878,0.828,0.828,0.7464,0.9481,0.6667,0.8744,0.8754
vt,CNN,46,0.8154,6,0.8395,0.8691,0.8395,0.8485,0.7687,0.7439,0.8469,0.8469,0.7159,0.9553,0.5714,0.8559,0.8789
