Feature_Method,Model,Accuracy,Precision_Weighted,Recall_Weighted,F1_Weighted,F1_Macro,Precision_Macro,Recall_Macro,Balanced_Accuracy,MCC,AUC_Macro_OvR,F1_Stable,F1_Challenged,F1_Critical,F1_Macro_Std,Accuracy_Std,N_Seeds
rfe,ANN,0.9022,0.9044,0.9022,0.9029,0.8501,0.8392,0.8632,0.8632,0.8192,0.9721,0.7219,0.9124,0.9159,0.0192,0.0083,5
rfe,CNN,0.9042,0.9091,0.9042,0.9052,0.8529,0.8358,0.8771,0.8771,0.826,0.9769,0.7249,0.9124,0.9214,0.0199,0.0143,5
skb,ANN,0.8919,0.8938,0.8919,0.8923,0.8486,0.8383,0.8614,0.8614,0.8004,0.9721,0.7437,0.9024,0.8996,0.005,0.0066,5
skb,CNN,0.8997,0.9049,0.8997,0.9002,0.8689,0.8526,0.8906,0.8906,0.8196,0.98,0.7936,0.9072,0.9059,0.0136,0.0149,5
fscs,ANN,0.8973,0.901,0.8973,0.8979,0.8553,0.8466,0.8695,0.8695,0.8125,0.9718,0.7525,0.9062,0.9073,0.0228,0.0145,5
fscs,CNN,0.8968,0.9,0.8968,0.8974,0.8543,0.848,0.8658,0.8658,0.8106,0.9757,0.7504,0.9063,0.9062,0.0205,0.0109,5
etc,ANN,0.8968,0.9018,0.8968,0.8981,0.8457,0.8295,0.8708,0.8708,0.8115,0.9729,0.718,0.9063,0.9128,0.0173,0.0107,5
etc,CNN,0.8973,0.9028,0.8973,0.8985,0.8448,0.8278,0.8703,0.8703,0.8136,0.9793,0.7131,0.9058,0.9155,0.0109,0.0075,5
pc,ANN,0.8919,0.8938,0.8919,0.8923,0.8486,0.8383,0.8614,0.8614,0.8004,0.9721,0.7437,0.9024,0.8996,0.005,0.0066,5
pc,CNN,0.8997,0.9049,0.8997,0.9002,0.8689,0.8526,0.8906,0.8906,0.8196,0.98,0.7936,0.9072,0.9059,0.0136,0.0149,5
mi,ANN,0.8968,0.9018,0.8968,0.8981,0.8457,0.8295,0.8708,0.8708,0.8115,0.9729,0.718,0.9063,0.9128,0.0173,0.0107,5
mi,CNN,0.8973,0.9028,0.8973,0.8985,0.8448,0.8278,0.8703,0.8703,0.8136,0.9793,0.7131,0.9058,0.9155,0.0109,0.0075,5
mir,ANN,0.8919,0.8938,0.8919,0.8923,0.8486,0.8383,0.8614,0.8614,0.8004,0.9721,0.7437,0.9024,0.8996,0.005,0.0066,5
mir,CNN,0.8997,0.9049,0.8997,0.9002,0.8689,0.8526,0.8906,0.8906,0.8196,0.98,0.7936,0.9072,0.9059,0.0136,0.0149,5
mu,ANN,0.8849,0.8884,0.8849,0.8858,0.823,0.8104,0.8396,0.8396,0.7889,0.9679,0.6697,0.8956,0.9038,0.0165,0.017,5
mu,CNN,0.8904,0.8925,0.8904,0.8911,0.8277,0.8219,0.8358,0.8358,0.7963,0.9719,0.6742,0.9025,0.9066,0.0202,0.0088,5
vt,ANN,0.8671,0.8727,0.8671,0.8689,0.8097,0.7917,0.8364,0.8364,0.7568,0.9518,0.666,0.8797,0.8833,0.0132,0.0073,5
vt,CNN,0.878,0.891,0.878,0.882,0.8207,0.7949,0.8712,0.8712,0.78,0.9648,0.6705,0.8898,0.902,0.0313,0.0235,5
