Feature_Method,Tuned_On,Model,Strategy,Best_Params,Candidates,CV_F1_Macro,Fresh_CV_F1_Macro,Test_Accuracy,Test_F1_Macro,Test_Balanced_Accuracy,Test_MCC,Test_AUC_Macro_OvR,Test_F1_Stable,Test_F1_Challenged,Test_F1_Critical,Search_Seconds
rfe,rfe,LR,grid,"{'C': 0.1, 'solver': 'lbfgs'}",6,0.8328,0.8233,0.8889,0.84,0.9018,0.8041,0.9761,0.7119,0.8961,0.9119,0.6
rfe,rfe,DT,grid,"{'criterion': 'gini', 'max_depth': 10, 'min_samples_split': 5}",18,0.8184,0.8075,0.8568,0.8153,0.8455,0.7358,0.8898,0.717,0.8747,0.8543,2.9
rfe,rfe,RF,grid,"{'max_depth': 20, 'max_features': 'sqrt', 'n_estimators': 300}",18,0.8715,0.879,0.9136,0.89,0.8738,0.8375,0.9836,0.8372,0.9237,0.9091,17.1
rfe,rfe,KNN,grid,"{'n_neighbors': 11, 'weights': 'distance'}",8,0.8314,0.8277,0.8889,0.827,0.873,0.7989,0.9652,0.6667,0.8989,0.9156,0.5
rfe,rfe,SVM,grid,"{'C': 10, 'gamma': 'scale', 'kernel': 'linear'}",12,0.8381,0.8154,0.8988,0.857,0.9077,0.8193,0.9748,0.75,0.9062,0.9148,5.4
rfe,rfe,GB,grid,"{'learning_rate': 0.05, 'max_depth': 3, 'n_estimators': 100}",12,0.8677,0.8606,0.9086,0.8714,0.873,0.8303,0.9824,0.7826,0.918,0.9137,28.2
rfe,rfe,XGB,grid,"{'learning_rate': 0.05, 'max_depth': 3, 'n_estimators': 100}",18,0.8729,0.8638,0.9062,0.8744,0.8702,0.8248,0.9787,0.8,0.9163,0.9068,15.3
rfe,rfe,LGBM,grid,"{'learning_rate': 0.1, 'n_estimators': 100, 'num_leaves': 31}",12,0.8679,0.855,0.9086,0.8886,0.8825,0.8287,0.9809,0.8444,0.9194,0.902,9.5
skb,skb,LR,grid,"{'C': 0.1, 'solver': 'lbfgs'}",6,0.8378,0.8291,0.884,0.8394,0.8975,0.7939,0.9757,0.7241,0.892,0.9022,0.5
pc,skb,LR,grid,"{'C': 0.1, 'solver': 'lbfgs'}",6,0.8378,0.8291,0.884,0.8394,0.8975,0.7939,0.9757,0.7241,0.892,0.9022,0.5
mir,skb,LR,grid,"{'C': 0.1, 'solver': 'lbfgs'}",6,0.8378,0.8291,0.884,0.8394,0.8975,0.7939,0.9757,0.7241,0.892,0.9022,0.5
skb,skb,DT,grid,"{'criterion': 'entropy', 'max_depth': 15, 'min_samples_split': 10}",18,0.8159,0.7867,0.8395,0.784,0.7941,0.7006,0.9033,0.6531,0.859,0.84,0.8
pc,skb,DT,grid,"{'criterion': 'entropy', 'max_depth': 15, 'min_samples_split': 10}",18,0.8159,0.7867,0.8395,0.784,0.7941,0.7006,0.9033,0.6531,0.859,0.84,0.8
mir,skb,DT,grid,"{'criterion': 'entropy', 'max_depth': 15, 'min_samples_split': 10}",18,0.8159,0.7867,0.8395,0.784,0.7941,0.7006,0.9033,0.6531,0.859,0.84,0.8
skb,skb,RF,grid,"{'max_depth': None, 'max_features': 'sqrt', 'n_estimators': 300}",18,0.8651,0.859,0.916,0.8867,0.8774,0.8431,0.9867,0.8182,0.9251,0.9167,13.5
pc,skb,RF,grid,"{'max_depth': None, 'max_features': 'sqrt', 'n_estimators': 300}",18,0.8651,0.859,0.916,0.8867,0.8774,0.8431,0.9867,0.8182,0.9251,0.9167,13.5
mir,skb,RF,grid,"{'max_depth': None, 'max_features': 'sqrt', 'n_estimators': 300}",18,0.8651,0.859,0.916,0.8867,0.8774,0.8431,0.9867,0.8182,0.9251,0.9167,13.5
skb,skb,KNN,grid,"{'n_neighbors': 11, 'weights': 'distance'}",8,0.8286,0.8279,0.8765,0.8249,0.8903,0.7798,0.9832,0.6885,0.8864,0.8997,0.6
pc,skb,KNN,grid,"{'n_neighbors': 11, 'weights': 'distance'}",8,0.8286,0.8279,0.8765,0.8249,0.8903,0.7798,0.9832,0.6885,0.8864,0.8997,0.6
mir,skb,KNN,grid,"{'n_neighbors': 11, 'weights': 'distance'}",8,0.8286,0.8279,0.8765,0.8249,0.8903,0.7798,0.9832,0.6885,0.8864,0.8997,0.6
skb,skb,SVM,grid,"{'C': 1, 'gamma': 'scale', 'kernel': 'rbf'}",12,0.8455,0.8357,0.9086,0.8512,0.9005,0.8355,0.9836,0.7018,0.9165,0.9355,5.5
pc,skb,SVM,grid,"{'C': 1, 'gamma': 'scale', 'kernel': 'rbf'}",12,0.8455,0.8357,0.9086,0.8512,0.9005,0.8355,0.9836,0.7018,0.9165,0.9355,5.5
mir,skb,SVM,grid,"{'C': 1, 'gamma': 'scale', 'kernel': 'rbf'}",12,0.8455,0.8357,0.9086,0.8512,0.9005,0.8355,0.9836,0.7018,0.9165,0.9355,5.5
skb,skb,GB,grid,"{'learning_rate': 0.05, 'max_depth': 3, 'n_estimators': 100}",12,0.8607,0.8529,0.9037,0.8599,0.8564,0.8204,0.983,0.7556,0.9139,0.9103,28.8
pc,skb,GB,grid,"{'learning_rate': 0.05, 'max_depth': 3, 'n_estimators': 100}",12,0.8607,0.8529,0.9037,0.8599,0.8564,0.8204,0.983,0.7556,0.9139,0.9103,28.8
mir,skb,GB,grid,"{'learning_rate': 0.05, 'max_depth': 3, 'n_estimators': 100}",12,0.8607,0.8529,0.9037,0.8599,0.8564,0.8204,0.983,0.7556,0.9139,0.9103,28.8
skb,skb,XGB,grid,"{'learning_rate': 0.2, 'max_depth': 3, 'n_estimators': 100}",18,0.87,0.8511,0.9086,0.8811,0.8709,0.8287,0.9822,0.8182,0.919,0.9061,15.7
pc,skb,XGB,grid,"{'learning_rate': 0.2, 'max_depth': 3, 'n_estimators': 100}",18,0.87,0.8511,0.9086,0.8811,0.8709,0.8287,0.9822,0.8182,0.919,0.9061,15.7
mir,skb,XGB,grid,"{'learning_rate': 0.2, 'max_depth': 3, 'n_estimators': 100}",18,0.87,0.8511,0.9086,0.8811,0.8709,0.8287,0.9822,0.8182,0.919,0.9061,15.7
skb,skb,LGBM,grid,"{'learning_rate': 0.05, 'n_estimators': 100, 'num_leaves': 50}",12,0.8663,0.8481,0.9136,0.8797,0.8752,0.8385,0.9834,0.8,0.9231,0.9161,9.6
pc,skb,LGBM,grid,"{'learning_rate': 0.05, 'n_estimators': 100, 'num_leaves': 50}",12,0.8663,0.8481,0.9136,0.8797,0.8752,0.8385,0.9834,0.8,0.9231,0.9161,9.6
mir,skb,LGBM,grid,"{'learning_rate': 0.05, 'n_estimators': 100, 'num_leaves': 50}",12,0.8663,0.8481,0.9136,0.8797,0.8752,0.8385,0.9834,0.8,0.9231,0.9161,9.6
fscs,fscs,LR,grid,"{'C': 0.1, 'solver': 'lbfgs'}",6,0.8372,0.8241,0.8765,0.825,0.8938,0.784,0.9736,0.6885,0.8837,0.9028,0.5
fscs,fscs,DT,grid,"{'criterion': 'gini', 'max_depth': 10, 'min_samples_split': 2}",18,0.8084,0.777,0.8667,0.8083,0.82,0.7556,0.8453,0.6667,0.8804,0.8777,0.8
fscs,fscs,RF,grid,"{'max_depth': None, 'max_features': 'sqrt', 'n_estimators': 200}",18,0.8692,0.8526,0.9012,0.8536,0.8549,0.8163,0.9823,0.7391,0.9115,0.9103,13.5
fscs,fscs,KNN,grid,"{'n_neighbors': 11, 'weights': 'distance'}",8,0.8255,0.812,0.884,0.8335,0.9098,0.7959,0.9742,0.6984,0.892,0.9103,0.6
fscs,fscs,SVM,grid,"{'C': 1, 'gamma': 'scale', 'kernel': 'rbf'}",12,0.8401,0.8382,0.8889,0.8337,0.8881,0.802,0.9803,0.6897,0.897,0.9143,5.2
fscs,fscs,GB,grid,"{'learning_rate': 0.1, 'max_depth': 3, 'n_estimators': 100}",12,0.8674,0.8504,0.9012,0.8581,0.8542,0.8156,0.9827,0.7556,0.9119,0.9068,27.6
fscs,fscs,XGB,grid,"{'learning_rate': 0.1, 'max_depth': 3, 'n_estimators': 100}",18,0.8677,0.8466,0.9037,0.8588,0.868,0.8208,0.9805,0.75,0.9143,0.9121,16.0
fscs,fscs,LGBM,grid,"{'learning_rate': 0.1, 'n_estimators': 100, 'num_leaves': 31}",12,0.86,0.8275,0.9037,0.8802,0.8817,0.8211,0.9804,0.8261,0.9135,0.901,8.7
etc,etc,LR,grid,"{'C': 0.1, 'solver': 'lbfgs'}",6,0.829,0.8262,0.8864,0.8351,0.899,0.7987,0.9756,0.7,0.8945,0.9108,0.5
mi,etc,LR,grid,"{'C': 0.1, 'solver': 'lbfgs'}",6,0.829,0.8262,0.8864,0.8351,0.899,0.7987,0.9756,0.7,0.8945,0.9108,0.5
etc,etc,DT,grid,"{'criterion': 'entropy', 'max_depth': 15, 'min_samples_split': 10}",18,0.8108,0.8047,0.8543,0.7989,0.8064,0.7285,0.8758,0.6667,0.8709,0.859,2.4
mi,etc,DT,grid,"{'criterion': 'entropy', 'max_depth': 15, 'min_samples_split': 10}",18,0.8108,0.8047,0.8543,0.7989,0.8064,0.7285,0.8758,0.6667,0.8709,0.859,2.4
etc,etc,RF,grid,"{'max_depth': None, 'max_features': 'sqrt', 'n_estimators': 300}",18,0.8768,0.8797,0.9062,0.8663,0.8564,0.8239,0.985,0.7727,0.917,0.9091,13.9
mi,etc,RF,grid,"{'max_depth': None, 'max_features': 'sqrt', 'n_estimators': 300}",18,0.8768,0.8797,0.9062,0.8663,0.8564,0.8239,0.985,0.7727,0.917,0.9091,13.9
etc,etc,KNN,grid,"{'n_neighbors': 11, 'weights': 'distance'}",8,0.8289,0.8221,0.8667,0.8038,0.8721,0.7644,0.9765,0.6349,0.8761,0.9003,0.6
mi,etc,KNN,grid,"{'n_neighbors': 11, 'weights': 'distance'}",8,0.8289,0.8221,0.8667,0.8038,0.8721,0.7644,0.9765,0.6349,0.8761,0.9003,0.6
etc,etc,SVM,grid,"{'C': 1, 'gamma': 'scale', 'kernel': 'rbf'}",12,0.8399,0.8435,0.8864,0.8197,0.8729,0.7968,0.9812,0.6441,0.8955,0.9196,5.7
mi,etc,SVM,grid,"{'C': 1, 'gamma': 'scale', 'kernel': 'rbf'}",12,0.8399,0.8435,0.8864,0.8197,0.8729,0.7968,0.9812,0.6441,0.8955,0.9196,5.7
etc,etc,GB,grid,"{'learning_rate': 0.05, 'max_depth': 3, 'n_estimators': 100}",12,0.8701,0.8684,0.8988,0.8476,0.8534,0.8121,0.9813,0.7234,0.9091,0.9103,28.5
mi,etc,GB,grid,"{'learning_rate': 0.05, 'max_depth': 3, 'n_estimators': 100}",12,0.8701,0.8684,0.8988,0.8476,0.8534,0.8121,0.9813,0.7234,0.9091,0.9103,28.5
etc,etc,XGB,grid,"{'learning_rate': 0.05, 'max_depth': 3, 'n_estimators': 200}",18,0.8738,0.8555,0.9086,0.8713,0.8716,0.8295,0.9818,0.7826,0.9187,0.9126,16.1
mi,etc,XGB,grid,"{'learning_rate': 0.05, 'max_depth': 3, 'n_estimators': 200}",18,0.8738,0.8555,0.9086,0.8713,0.8716,0.8295,0.9818,0.7826,0.9187,0.9126,16.1
etc,etc,LGBM,grid,"{'learning_rate': 0.2, 'n_estimators': 100, 'num_leaves': 50}",12,0.8651,0.8595,0.8988,0.861,0.852,0.8105,0.9828,0.7727,0.9099,0.9003,9.7
mi,etc,LGBM,grid,"{'learning_rate': 0.2, 'n_estimators': 100, 'num_leaves': 50}",12,0.8651,0.8595,0.8988,0.861,0.852,0.8105,0.9828,0.7727,0.9099,0.9003,9.7
mu,mu,LR,grid,"{'C': 1, 'solver': 'lbfgs'}",6,0.8122,0.8092,0.8765,0.8216,0.8787,0.7796,0.9678,0.678,0.8858,0.901,0.5
mu,mu,DT,grid,"{'criterion': 'gini', 'max_depth': 10, 'min_samples_split': 2}",18,0.8191,0.7735,0.8395,0.7763,0.8092,0.7054,0.8502,0.6182,0.8565,0.8543,2.4
mu,mu,RF,grid,"{'max_depth': 10, 'max_features': 'sqrt', 'n_estimators': 100}",18,0.8538,0.8406,0.9037,0.8562,0.8433,0.8196,0.9786,0.7442,0.9143,0.9103,13.7
mu,mu,KNN,grid,"{'n_neighbors': 7, 'weights': 'distance'}",8,0.8176,0.8255,0.8691,0.7969,0.8613,0.7689,0.9567,0.6032,0.8807,0.9068,0.6
mu,mu,SVM,grid,"{'C': 10, 'gamma': 'scale', 'kernel': 'rbf'}",12,0.8272,0.8041,0.8864,0.827,0.8447,0.7904,0.9696,0.68,0.8978,0.9032,5.4
mu,mu,GB,grid,"{'learning_rate': 0.2, 'max_depth': 5, 'n_estimators': 100}",12,0.8593,0.8305,0.8889,0.8186,0.8071,0.7914,0.9659,0.6512,0.9015,0.9032,28.2
mu,mu,XGB,grid,"{'learning_rate': 0.05, 'max_depth': 3, 'n_estimators': 200}",18,0.8522,0.8324,0.9037,0.8644,0.8543,0.8192,0.9756,0.7727,0.915,0.9055,16.6
mu,mu,LGBM,grid,"{'learning_rate': 0.2, 'n_estimators': 100, 'num_leaves': 31}",12,0.8544,0.8371,0.9037,0.856,0.8412,0.8187,0.974,0.7442,0.9154,0.9085,9.0
vt,vt,LR,grid,"{'C': 1, 'solver': 'saga'}",6,0.7956,0.7964,0.8716,0.8125,0.8758,0.7724,0.9657,0.6557,0.8807,0.901,0.5
vt,vt,DT,grid,"{'criterion': 'gini', 'max_depth': 10, 'min_samples_split': 2}",18,0.7726,0.7727,0.8346,0.7755,0.7781,0.6905,0.8511,0.6383,0.8565,0.8317,2.7
vt,vt,RF,grid,"{'max_depth': 10, 'max_features': 'sqrt', 'n_estimators': 100}",18,0.8435,0.8317,0.9012,0.8778,0.876,0.8149,0.977,0.8261,0.9134,0.894,15.0
vt,vt,KNN,grid,"{'n_neighbors': 3, 'weights': 'distance'}",8,0.7911,0.7827,0.8173,0.7596,0.8119,0.6742,0.9093,0.6102,0.8295,0.8391,0.6
vt,vt,SVM,grid,"{'C': 10, 'gamma': 'scale', 'kernel': 'rbf'}",12,0.8129,0.8141,0.8815,0.8269,0.8397,0.78,0.9527,0.6939,0.8943,0.8925,6.0
vt,vt,GB,grid,"{'learning_rate': 0.05, 'max_depth': 3, 'n_estimators': 100}",12,0.8321,0.8272,0.9012,0.8532,0.8535,0.8156,0.9739,0.7391,0.9143,0.9061,31.7
vt,vt,XGB,grid,"{'learning_rate': 0.05, 'max_depth': 5, 'n_estimators': 100}",18,0.8339,0.8255,0.9062,0.8724,0.8832,0.8259,0.9748,0.7917,0.9159,0.9097,16.4
vt,vt,LGBM,grid,"{'learning_rate': 0.05, 'n_estimators': 100, 'num_leaves': 31}",12,0.833,0.8339,0.8963,0.8566,0.8759,0.8082,0.9708,0.76,0.9071,0.9026,11.3
