Feature_Method,Tuned_On,Model,Strategy,Default_Fresh_CV_F1_Macro,Fresh_CV_F1_Macro,Delta_Fresh_CV,Default_Test_F1_Macro,Test_F1_Macro,Delta_Test,CV_F1_Macro,Best_Params
rfe,rfe,LR,randomized,0.8174,0.8334,0.016,0.8351,0.8062,-0.0289,0.8329,"{'solver': 'lbfgs', 'max_iter': 500, 'C': 0.01}"
rfe,rfe,DT,randomized,0.7907,0.8051,0.0144,0.781,0.7957,0.0147,0.8203,"{'min_samples_split': 14, 'min_samples_leaf': 4, 'max_depth': 18, 'criterion': 'gini'}"
rfe,rfe,RF,randomized,0.8707,0.8676,-0.0031,0.8765,0.8978,0.0213,0.8813,"{'n_estimators': 50, 'min_samples_split': 10, 'max_features': 'log2', 'max_depth': 30}"
rfe,rfe,KNN,randomized,0.8118,0.833,0.0212,0.8289,0.8521,0.0232,0.8391,"{'weights': 'distance', 'n_neighbors': 19, 'metric': 'manhattan'}"
rfe,rfe,SVM,randomized,0.8311,0.8454,0.0143,0.8671,0.8837,0.0166,0.8479,"{'kernel': 'poly', 'gamma': 'auto', 'C': 0.1}"
rfe,rfe,GB,randomized,0.8571,0.8641,0.007,0.8802,0.8515,-0.0287,0.8681,"{'n_estimators': 300, 'min_samples_split': 2, 'max_depth': 4, 'learning_rate': 0.01}"
rfe,rfe,XGB,randomized,0.8523,0.8536,0.0013,0.8793,0.8923,0.013,0.878,"{'subsample': 1.0, 'n_estimators': 300, 'max_depth': 7, 'learning_rate': 0.2, 'colsample_bytree': 0.6}"
rfe,rfe,LGBM,randomized,0.855,0.8631,0.0081,0.89,0.8818,-0.0082,0.8704,"{'num_leaves': 100, 'n_estimators': 100, 'min_child_samples': 30, 'learning_rate': 0.1}"
skb,skb,LR,randomized,0.8237,0.8291,0.0054,0.8363,0.8394,0.0031,0.8378,"{'solver': 'lbfgs', 'max_iter': 500, 'C': 0.1}"
pc,skb,LR,randomized,0.8237,0.8291,0.0054,0.8363,0.8394,0.0031,0.8378,"{'solver': 'lbfgs', 'max_iter': 500, 'C': 0.1}"
mir,skb,LR,randomized,0.8237,0.8291,0.0054,0.8363,0.8394,0.0031,0.8378,"{'solver': 'lbfgs', 'max_iter': 500, 'C': 0.1}"
skb,skb,DT,randomized,0.7743,0.7789,0.0046,0.8244,0.7685,-0.0559,0.8185,"{'min_samples_split': 17, 'min_samples_leaf': 2, 'max_depth': 15, 'criterion': 'entropy'}"
pc,skb,DT,randomized,0.7743,0.7789,0.0046,0.8244,0.7685,-0.0559,0.8185,"{'min_samples_split': 17, 'min_samples_leaf': 2, 'max_depth': 15, 'criterion': 'entropy'}"
mir,skb,DT,randomized,0.7743,0.7789,0.0046,0.8244,0.7685,-0.0559,0.8185,"{'min_samples_split': 17, 'min_samples_leaf': 2, 'max_depth': 15, 'criterion': 'entropy'}"
skb,skb,RF,randomized,0.8587,0.8655,0.0068,0.8784,0.8695,-0.0089,0.8716,"{'n_estimators': 200, 'min_samples_split': 5, 'max_features': 'sqrt', 'max_depth': 20}"
pc,skb,RF,randomized,0.8587,0.8655,0.0068,0.8784,0.8695,-0.0089,0.8716,"{'n_estimators': 200, 'min_samples_split': 5, 'max_features': 'sqrt', 'max_depth': 20}"
mir,skb,RF,randomized,0.8587,0.8655,0.0068,0.8784,0.8695,-0.0089,0.8716,"{'n_estimators': 200, 'min_samples_split': 5, 'max_features': 'sqrt', 'max_depth': 20}"
skb,skb,KNN,randomized,0.8105,0.8314,0.0209,0.8301,0.8359,0.0058,0.8346,"{'weights': 'distance', 'n_neighbors': 19, 'metric': 'euclidean'}"
pc,skb,KNN,randomized,0.8105,0.8314,0.0209,0.8301,0.8359,0.0058,0.8346,"{'weights': 'distance', 'n_neighbors': 19, 'metric': 'euclidean'}"
mir,skb,KNN,randomized,0.8105,0.8314,0.0209,0.8301,0.8359,0.0058,0.8346,"{'weights': 'distance', 'n_neighbors': 19, 'metric': 'euclidean'}"
skb,skb,SVM,randomized,0.8357,0.8546,0.0189,0.839,0.8861,0.0471,0.8491,"{'kernel': 'poly', 'gamma': 'auto', 'C': 0.1}"
pc,skb,SVM,randomized,0.8357,0.8546,0.0189,0.839,0.8861,0.0471,0.8491,"{'kernel': 'poly', 'gamma': 'auto', 'C': 0.1}"
mir,skb,SVM,randomized,0.8357,0.8546,0.0189,0.839,0.8861,0.0471,0.8491,"{'kernel': 'poly', 'gamma': 'auto', 'C': 0.1}"
skb,skb,GB,randomized,0.8526,0.8529,0.0003,0.875,0.8599,-0.0151,0.8607,"{'n_estimators': 100, 'min_samples_split': 2, 'max_depth': 3, 'learning_rate': 0.05}"
pc,skb,GB,randomized,0.8526,0.8529,0.0003,0.875,0.8599,-0.0151,0.8607,"{'n_estimators': 100, 'min_samples_split': 2, 'max_depth': 3, 'learning_rate': 0.05}"
mir,skb,GB,randomized,0.8526,0.8529,0.0003,0.875,0.8599,-0.0151,0.8607,"{'n_estimators': 100, 'min_samples_split': 2, 'max_depth': 3, 'learning_rate': 0.05}"
skb,skb,XGB,randomized,0.8443,0.8564,0.0121,0.8761,0.8797,0.0036,0.8718,"{'subsample': 1.0, 'n_estimators': 100, 'max_depth': 3, 'learning_rate': 0.2, 'colsample_bytree': 0.9}"
pc,skb,XGB,randomized,0.8443,0.8564,0.0121,0.8761,0.8797,0.0036,0.8718,"{'subsample': 1.0, 'n_estimators': 100, 'max_depth': 3, 'learning_rate': 0.2, 'colsample_bytree': 0.9}"
mir,skb,XGB,randomized,0.8443,0.8564,0.0121,0.8761,0.8797,0.0036,0.8718,"{'subsample': 1.0, 'n_estimators': 100, 'max_depth': 3, 'learning_rate': 0.2, 'colsample_bytree': 0.9}"
skb,skb,LGBM,randomized,0.8393,0.8628,0.0235,0.8797,0.853,-0.0267,0.869,"{'num_leaves': 31, 'n_estimators': 300, 'min_child_samples': 30, 'learning_rate': 0.01}"
pc,skb,LGBM,randomized,0.8393,0.8628,0.0235,0.8797,0.853,-0.0267,0.869,"{'num_leaves': 31, 'n_estimators': 300, 'min_child_samples': 30, 'learning_rate': 0.01}"
mir,skb,LGBM,randomized,0.8393,0.8628,0.0235,0.8797,0.853,-0.0267,0.869,"{'num_leaves': 31, 'n_estimators': 300, 'min_child_samples': 30, 'learning_rate': 0.01}"
fscs,fscs,LR,randomized,0.8247,0.8241,-0.0006,0.8199,0.825,0.0051,0.8372,"{'solver': 'lbfgs', 'max_iter': 500, 'C': 0.1}"
fscs,fscs,DT,randomized,0.7772,0.7717,-0.0055,0.8436,0.8061,-0.0375,0.813,"{'min_samples_split': 16, 'min_samples_leaf': 10, 'max_depth': 8, 'criterion': 'entropy'}"
fscs,fscs,RF,randomized,0.8458,0.8468,0.001,0.8884,0.8768,-0.0116,0.8671,"{'n_estimators': 50, 'min_samples_split': 10, 'max_features': 'log2', 'max_depth': 30}"
fscs,fscs,KNN,randomized,0.8011,0.8177,0.0166,0.8001,0.8308,0.0307,0.8323,"{'weights': 'distance', 'n_neighbors': 12, 'metric': 'manhattan'}"
fscs,fscs,SVM,randomized,0.8382,0.8521,0.0139,0.8387,0.8422,0.0035,0.8565,"{'kernel': 'poly', 'gamma': 'scale', 'C': 1}"
fscs,fscs,GB,randomized,0.8504,0.8508,0.0004,0.8544,0.8439,-0.0105,0.8684,"{'n_estimators': 200, 'min_samples_split': 10, 'max_depth': 3, 'learning_rate': 0.05}"
fscs,fscs,XGB,randomized,0.8291,0.8468,0.0177,0.8642,0.8771,0.0129,0.871,"{'subsample': 1.0, 'n_estimators': 100, 'max_depth': 3, 'learning_rate': 0.2, 'colsample_bytree': 0.9}"
fscs,fscs,LGBM,randomized,0.8275,0.8391,0.0116,0.8908,0.8541,-0.0367,0.8632,"{'num_leaves': 100, 'n_estimators': 50, 'min_child_samples': 10, 'learning_rate': 0.05}"
etc,etc,LR,randomized,0.8264,0.8248,-0.0016,0.8362,0.8282,-0.008,0.8347,"{'solver': 'lbfgs', 'max_iter': 500, 'C': 0.01}"
mi,etc,LR,randomized,0.8264,0.8248,-0.0016,0.8362,0.8282,-0.008,0.8347,"{'solver': 'lbfgs', 'max_iter': 500, 'C': 0.01}"
etc,etc,DT,randomized,0.7819,0.8045,0.0226,0.8212,0.7966,-0.0246,0.8227,"{'min_samples_split': 13, 'min_samples_leaf': 4, 'max_depth': 14, 'criterion': 'entropy'}"
mi,etc,DT,randomized,0.7819,0.8045,0.0226,0.8212,0.7966,-0.0246,0.8227,"{'min_samples_split': 13, 'min_samples_leaf': 4, 'max_depth': 14, 'criterion': 'entropy'}"
etc,etc,RF,randomized,0.8709,0.8797,0.0088,0.8761,0.8663,-0.0098,0.8768,"{'n_estimators': 300, 'min_samples_split': 2, 'max_features': 'sqrt', 'max_depth': None}"
mi,etc,RF,randomized,0.8709,0.8797,0.0088,0.8761,0.8663,-0.0098,0.8768,"{'n_estimators': 300, 'min_samples_split': 2, 'max_features': 'sqrt', 'max_depth': None}"
etc,etc,KNN,randomized,0.8138,0.8305,0.0167,0.8075,0.8503,0.0428,0.8352,"{'weights': 'distance', 'n_neighbors': 19, 'metric': 'manhattan'}"
mi,etc,KNN,randomized,0.8138,0.8305,0.0167,0.8075,0.8503,0.0428,0.8352,"{'weights': 'distance', 'n_neighbors': 19, 'metric': 'manhattan'}"
etc,etc,SVM,randomized,0.8435,0.8542,0.0107,0.8289,0.8675,0.0386,0.8545,"{'kernel': 'poly', 'gamma': 'auto', 'C': 0.1}"
mi,etc,SVM,randomized,0.8435,0.8542,0.0107,0.8289,0.8675,0.0386,0.8545,"{'kernel': 'poly', 'gamma': 'auto', 'C': 0.1}"
etc,etc,GB,randomized,0.8592,0.8647,0.0055,0.8536,0.8554,0.0018,0.8745,"{'n_estimators': 300, 'min_samples_split': 2, 'max_depth': 4, 'learning_rate': 0.01}"
mi,etc,GB,randomized,0.8592,0.8647,0.0055,0.8536,0.8554,0.0018,0.8745,"{'n_estimators': 300, 'min_samples_split': 2, 'max_depth': 4, 'learning_rate': 0.01}"
etc,etc,XGB,randomized,0.8633,0.8673,0.004,0.8659,0.8436,-0.0223,0.8755,"{'subsample': 0.6, 'n_estimators': 50, 'max_depth': 4, 'learning_rate': 0.1, 'colsample_bytree': 0.7}"
mi,etc,XGB,randomized,0.8633,0.8673,0.004,0.8659,0.8436,-0.0223,0.8755,"{'subsample': 0.6, 'n_estimators': 50, 'max_depth': 4, 'learning_rate': 0.1, 'colsample_bytree': 0.7}"
etc,etc,LGBM,randomized,0.8658,0.8551,-0.0107,0.8659,0.8599,-0.006,0.876,"{'num_leaves': 31, 'n_estimators': 100, 'min_child_samples': 30, 'learning_rate': 0.05}"
mi,etc,LGBM,randomized,0.8658,0.8551,-0.0107,0.8659,0.8599,-0.006,0.876,"{'num_leaves': 31, 'n_estimators': 100, 'min_child_samples': 30, 'learning_rate': 0.05}"
mu,mu,LR,randomized,0.8092,0.8092,0.0,0.809,0.8216,0.0126,0.8122,"{'solver': 'lbfgs', 'max_iter': 500, 'C': 1}"
mu,mu,DT,randomized,0.7744,0.766,-0.0084,0.7695,0.7867,0.0172,0.8006,"{'min_samples_split': 14, 'min_samples_leaf': 4, 'max_depth': 18, 'criterion': 'gini'}"
mu,mu,RF,randomized,0.8321,0.8393,0.0072,0.8647,0.8664,0.0017,0.8531,"{'n_estimators': 300, 'min_samples_split': 2, 'max_features': 'log2', 'max_depth': 15}"
mu,mu,KNN,randomized,0.8144,0.836,0.0216,0.7945,0.8385,0.044,0.8302,"{'weights': 'distance', 'n_neighbors': 8, 'metric': 'manhattan'}"
mu,mu,SVM,randomized,0.8241,0.8314,0.0073,0.8161,0.8232,0.0071,0.8431,"{'kernel': 'poly', 'gamma': 'scale', 'C': 1}"
mu,mu,GB,randomized,0.8334,0.8315,-0.0019,0.8246,0.8662,0.0416,0.8574,"{'n_estimators': 100, 'min_samples_split': 10, 'max_depth': 8, 'learning_rate': 0.2}"
mu,mu,XGB,randomized,0.8342,0.8359,0.0017,0.8516,0.8616,0.01,0.8588,"{'subsample': 1.0, 'n_estimators': 50, 'max_depth': 5, 'learning_rate': 0.3, 'colsample_bytree': 0.9}"
mu,mu,LGBM,randomized,0.837,0.8452,0.0082,0.8644,0.8598,-0.0046,0.8572,"{'num_leaves': 100, 'n_estimators': 100, 'min_child_samples': 10, 'learning_rate': 0.3}"
vt,vt,LR,randomized,0.7964,0.7964,0.0,0.8019,0.8125,0.0106,0.7956,"{'solver': 'saga', 'max_iter': 500, 'C': 1}"
vt,vt,DT,randomized,0.7626,0.7786,0.016,0.7907,0.785,-0.0057,0.7716,"{'min_samples_split': 16, 'min_samples_leaf': 10, 'max_depth': 8, 'criterion': 'entropy'}"
vt,vt,RF,randomized,0.8301,0.8275,-0.0026,0.8679,0.8657,-0.0022,0.8568,"{'n_estimators': 50, 'min_samples_split': 2, 'max_features': 'sqrt', 'max_depth': 15}"
vt,vt,KNN,randomized,0.7834,0.8055,0.0221,0.7846,0.7963,0.0117,0.806,"{'weights': 'distance', 'n_neighbors': 8, 'metric': 'manhattan'}"
vt,vt,SVM,randomized,0.8179,0.8326,0.0147,0.8398,0.8313,-0.0085,0.8314,"{'kernel': 'poly', 'gamma': 0.01, 'C': 100}"
vt,vt,GB,randomized,0.8207,0.8272,0.0065,0.8671,0.8532,-0.0139,0.8321,"{'n_estimators': 100, 'min_samples_split': 2, 'max_depth': 3, 'learning_rate': 0.05}"
vt,vt,XGB,randomized,0.8203,0.8289,0.0086,0.8596,0.8497,-0.0099,0.8402,"{'subsample': 0.6, 'n_estimators': 200, 'max_depth': 7, 'learning_rate': 0.1, 'colsample_bytree': 0.6}"
vt,vt,LGBM,randomized,0.8179,0.8181,0.0002,0.8856,0.8553,-0.0303,0.8355,"{'num_leaves': 20, 'n_estimators': 100, 'min_child_samples': 50, 'learning_rate': 0.1}"
rfe,rfe,LR,grid,0.8174,0.8233,0.0059,0.8351,0.84,0.0049,0.8328,"{'C': 0.1, 'solver': 'lbfgs'}"
rfe,rfe,DT,grid,0.7907,0.8075,0.0168,0.781,0.8153,0.0343,0.8184,"{'criterion': 'gini', 'max_depth': 10, 'min_samples_split': 5}"
rfe,rfe,RF,grid,0.8707,0.879,0.0083,0.8765,0.89,0.0135,0.8715,"{'max_depth': 20, 'max_features': 'sqrt', 'n_estimators': 300}"
rfe,rfe,KNN,grid,0.8118,0.8277,0.0159,0.8289,0.827,-0.0019,0.8314,"{'n_neighbors': 11, 'weights': 'distance'}"
rfe,rfe,SVM,grid,0.8311,0.8154,-0.0157,0.8671,0.857,-0.0101,0.8381,"{'C': 10, 'gamma': 'scale', 'kernel': 'linear'}"
rfe,rfe,GB,grid,0.8571,0.8606,0.0035,0.8802,0.8714,-0.0088,0.8677,"{'learning_rate': 0.05, 'max_depth': 3, 'n_estimators': 100}"
rfe,rfe,XGB,grid,0.8523,0.8638,0.0115,0.8793,0.8744,-0.0049,0.8729,"{'learning_rate': 0.05, 'max_depth': 3, 'n_estimators': 100}"
rfe,rfe,LGBM,grid,0.855,0.855,0.0,0.89,0.8886,-0.0014,0.8679,"{'learning_rate': 0.1, 'n_estimators': 100, 'num_leaves': 31}"
skb,skb,LR,grid,0.8237,0.8291,0.0054,0.8363,0.8394,0.0031,0.8378,"{'C': 0.1, 'solver': 'lbfgs'}"
pc,skb,LR,grid,0.8237,0.8291,0.0054,0.8363,0.8394,0.0031,0.8378,"{'C': 0.1, 'solver': 'lbfgs'}"
mir,skb,LR,grid,0.8237,0.8291,0.0054,0.8363,0.8394,0.0031,0.8378,"{'C': 0.1, 'solver': 'lbfgs'}"
skb,skb,DT,grid,0.7743,0.7867,0.0124,0.8244,0.784,-0.0404,0.8159,"{'criterion': 'entropy', 'max_depth': 15, 'min_samples_split': 10}"
pc,skb,DT,grid,0.7743,0.7867,0.0124,0.8244,0.784,-0.0404,0.8159,"{'criterion': 'entropy', 'max_depth': 15, 'min_samples_split': 10}"
mir,skb,DT,grid,0.7743,0.7867,0.0124,0.8244,0.784,-0.0404,0.8159,"{'criterion': 'entropy', 'max_depth': 15, 'min_samples_split': 10}"
skb,skb,RF,grid,0.8587,0.859,0.0003,0.8784,0.8867,0.0083,0.8651,"{'max_depth': None, 'max_features': 'sqrt', 'n_estimators': 300}"
pc,skb,RF,grid,0.8587,0.859,0.0003,0.8784,0.8867,0.0083,0.8651,"{'max_depth': None, 'max_features': 'sqrt', 'n_estimators': 300}"
mir,skb,RF,grid,0.8587,0.859,0.0003,0.8784,0.8867,0.0083,0.8651,"{'max_depth': None, 'max_features': 'sqrt', 'n_estimators': 300}"
skb,skb,KNN,grid,0.8105,0.8279,0.0174,0.8301,0.8249,-0.0052,0.8286,"{'n_neighbors': 11, 'weights': 'distance'}"
pc,skb,KNN,grid,0.8105,0.8279,0.0174,0.8301,0.8249,-0.0052,0.8286,"{'n_neighbors': 11, 'weights': 'distance'}"
mir,skb,KNN,grid,0.8105,0.8279,0.0174,0.8301,0.8249,-0.0052,0.8286,"{'n_neighbors': 11, 'weights': 'distance'}"
skb,skb,SVM,grid,0.8357,0.8357,0.0,0.839,0.8512,0.0122,0.8455,"{'C': 1, 'gamma': 'scale', 'kernel': 'rbf'}"
pc,skb,SVM,grid,0.8357,0.8357,0.0,0.839,0.8512,0.0122,0.8455,"{'C': 1, 'gamma': 'scale', 'kernel': 'rbf'}"
mir,skb,SVM,grid,0.8357,0.8357,0.0,0.839,0.8512,0.0122,0.8455,"{'C': 1, 'gamma': 'scale', 'kernel': 'rbf'}"
skb,skb,GB,grid,0.8526,0.8529,0.0003,0.875,0.8599,-0.0151,0.8607,"{'learning_rate': 0.05, 'max_depth': 3, 'n_estimators': 100}"
pc,skb,GB,grid,0.8526,0.8529,0.0003,0.875,0.8599,-0.0151,0.8607,"{'learning_rate': 0.05, 'max_depth': 3, 'n_estimators': 100}"
mir,skb,GB,grid,0.8526,0.8529,0.0003,0.875,0.8599,-0.0151,0.8607,"{'learning_rate': 0.05, 'max_depth': 3, 'n_estimators': 100}"
skb,skb,XGB,grid,0.8443,0.8511,0.0068,0.8761,0.8811,0.005,0.87,"{'learning_rate': 0.2, 'max_depth': 3, 'n_estimators': 100}"
pc,skb,XGB,grid,0.8443,0.8511,0.0068,0.8761,0.8811,0.005,0.87,"{'learning_rate': 0.2, 'max_depth': 3, 'n_estimators': 100}"
mir,skb,XGB,grid,0.8443,0.8511,0.0068,0.8761,0.8811,0.005,0.87,"{'learning_rate': 0.2, 'max_depth': 3, 'n_estimators': 100}"
skb,skb,LGBM,grid,0.8393,0.8481,0.0088,0.8797,0.8797,0.0,0.8663,"{'learning_rate': 0.05, 'n_estimators': 100, 'num_leaves': 50}"
pc,skb,LGBM,grid,0.8393,0.8481,0.0088,0.8797,0.8797,0.0,0.8663,"{'learning_rate': 0.05, 'n_estimators': 100, 'num_leaves': 50}"
mir,skb,LGBM,grid,0.8393,0.8481,0.0088,0.8797,0.8797,0.0,0.8663,"{'learning_rate': 0.05, 'n_estimators': 100, 'num_leaves': 50}"
fscs,fscs,LR,grid,0.8247,0.8241,-0.0006,0.8199,0.825,0.0051,0.8372,"{'C': 0.1, 'solver': 'lbfgs'}"
fscs,fscs,DT,grid,0.7772,0.777,-0.0002,0.8436,0.8083,-0.0353,0.8084,"{'criterion': 'gini', 'max_depth': 10, 'min_samples_split': 2}"
fscs,fscs,RF,grid,0.8458,0.8526,0.0068,0.8884,0.8536,-0.0348,0.8692,"{'max_depth': None, 'max_features': 'sqrt', 'n_estimators': 200}"
fscs,fscs,KNN,grid,0.8011,0.812,0.0109,0.8001,0.8335,0.0334,0.8255,"{'n_neighbors': 11, 'weights': 'distance'}"
fscs,fscs,SVM,grid,0.8382,0.8382,0.0,0.8387,0.8337,-0.005,0.8401,"{'C': 1, 'gamma': 'scale', 'kernel': 'rbf'}"
fscs,fscs,GB,grid,0.8504,0.8504,0.0,0.8544,0.8581,0.0037,0.8674,"{'learning_rate': 0.1, 'max_depth': 3, 'n_estimators': 100}"
fscs,fscs,XGB,grid,0.8291,0.8466,0.0175,0.8642,0.8588,-0.0054,0.8677,"{'learning_rate': 0.1, 'max_depth': 3, 'n_estimators': 100}"
fscs,fscs,LGBM,grid,0.8275,0.8275,0.0,0.8908,0.8802,-0.0106,0.86,"{'learning_rate': 0.1, 'n_estimators': 100, 'num_leaves': 31}"
etc,etc,LR,grid,0.8264,0.8262,-0.0002,0.8362,0.8351,-0.0011,0.829,"{'C': 0.1, 'solver': 'lbfgs'}"
mi,etc,LR,grid,0.8264,0.8262,-0.0002,0.8362,0.8351,-0.0011,0.829,"{'C': 0.1, 'solver': 'lbfgs'}"
etc,etc,DT,grid,0.7819,0.8047,0.0228,0.8212,0.7989,-0.0223,0.8108,"{'criterion': 'entropy', 'max_depth': 15, 'min_samples_split': 10}"
mi,etc,DT,grid,0.7819,0.8047,0.0228,0.8212,0.7989,-0.0223,0.8108,"{'criterion': 'entropy', 'max_depth': 15, 'min_samples_split': 10}"
etc,etc,RF,grid,0.8709,0.8797,0.0088,0.8761,0.8663,-0.0098,0.8768,"{'max_depth': None, 'max_features': 'sqrt', 'n_estimators': 300}"
mi,etc,RF,grid,0.8709,0.8797,0.0088,0.8761,0.8663,-0.0098,0.8768,"{'max_depth': None, 'max_features': 'sqrt', 'n_estimators': 300}"
etc,etc,KNN,grid,0.8138,0.8221,0.0083,0.8075,0.8038,-0.0037,0.8289,"{'n_neighbors': 11, 'weights': 'distance'}"
mi,etc,KNN,grid,0.8138,0.8221,0.0083,0.8075,0.8038,-0.0037,0.8289,"{'n_neighbors': 11, 'weights': 'distance'}"
etc,etc,SVM,grid,0.8435,0.8435,0.0,0.8289,0.8197,-0.0092,0.8399,"{'C': 1, 'gamma': 'scale', 'kernel': 'rbf'}"
mi,etc,SVM,grid,0.8435,0.8435,0.0,0.8289,0.8197,-0.0092,0.8399,"{'C': 1, 'gamma': 'scale', 'kernel': 'rbf'}"
etc,etc,GB,grid,0.8592,0.8684,0.0092,0.8536,0.8476,-0.006,0.8701,"{'learning_rate': 0.05, 'max_depth': 3, 'n_estimators': 100}"
mi,etc,GB,grid,0.8592,0.8684,0.0092,0.8536,0.8476,-0.006,0.8701,"{'learning_rate': 0.05, 'max_depth': 3, 'n_estimators': 100}"
etc,etc,XGB,grid,0.8633,0.8555,-0.0078,0.8659,0.8713,0.0054,0.8738,"{'learning_rate': 0.05, 'max_depth': 3, 'n_estimators': 200}"
mi,etc,XGB,grid,0.8633,0.8555,-0.0078,0.8659,0.8713,0.0054,0.8738,"{'learning_rate': 0.05, 'max_depth': 3, 'n_estimators': 200}"
etc,etc,LGBM,grid,0.8658,0.8595,-0.0063,0.8659,0.861,-0.0049,0.8651,"{'learning_rate': 0.2, 'n_estimators': 100, 'num_leaves': 50}"
mi,etc,LGBM,grid,0.8658,0.8595,-0.0063,0.8659,0.861,-0.0049,0.8651,"{'learning_rate': 0.2, 'n_estimators': 100, 'num_leaves': 50}"
mu,mu,LR,grid,0.8092,0.8092,0.0,0.809,0.8216,0.0126,0.8122,"{'C': 1, 'solver': 'lbfgs'}"
mu,mu,DT,grid,0.7744,0.7735,-0.0009,0.7695,0.7763,0.0068,0.8191,"{'criterion': 'gini', 'max_depth': 10, 'min_samples_split': 2}"
mu,mu,RF,grid,0.8321,0.8406,0.0085,0.8647,0.8562,-0.0085,0.8538,"{'max_depth': 10, 'max_features': 'sqrt', 'n_estimators': 100}"
mu,mu,KNN,grid,0.8144,0.8255,0.0111,0.7945,0.7969,0.0024,0.8176,"{'n_neighbors': 7, 'weights': 'distance'}"
mu,mu,SVM,grid,0.8241,0.8041,-0.02,0.8161,0.827,0.0109,0.8272,"{'C': 10, 'gamma': 'scale', 'kernel': 'rbf'}"
mu,mu,GB,grid,0.8334,0.8305,-0.0029,0.8246,0.8186,-0.006,0.8593,"{'learning_rate': 0.2, 'max_depth': 5, 'n_estimators': 100}"
mu,mu,XGB,grid,0.8342,0.8324,-0.0018,0.8516,0.8644,0.0128,0.8522,"{'learning_rate': 0.05, 'max_depth': 3, 'n_estimators': 200}"
mu,mu,LGBM,grid,0.837,0.8371,0.0001,0.8644,0.856,-0.0084,0.8544,"{'learning_rate': 0.2, 'n_estimators': 100, 'num_leaves': 31}"
vt,vt,LR,grid,0.7964,0.7964,0.0,0.8019,0.8125,0.0106,0.7956,"{'C': 1, 'solver': 'saga'}"
vt,vt,DT,grid,0.7626,0.7727,0.0101,0.7907,0.7755,-0.0152,0.7726,"{'criterion': 'gini', 'max_depth': 10, 'min_samples_split': 2}"
vt,vt,RF,grid,0.8301,0.8317,0.0016,0.8679,0.8778,0.0099,0.8435,"{'max_depth': 10, 'max_features': 'sqrt', 'n_estimators': 100}"
vt,vt,KNN,grid,0.7834,0.7827,-0.0007,0.7846,0.7596,-0.025,0.7911,"{'n_neighbors': 3, 'weights': 'distance'}"
vt,vt,SVM,grid,0.8179,0.8141,-0.0038,0.8398,0.8269,-0.0129,0.8129,"{'C': 10, 'gamma': 'scale', 'kernel': 'rbf'}"
vt,vt,GB,grid,0.8207,0.8272,0.0065,0.8671,0.8532,-0.0139,0.8321,"{'learning_rate': 0.05, 'max_depth': 3, 'n_estimators': 100}"
vt,vt,XGB,grid,0.8203,0.8255,0.0052,0.8596,0.8724,0.0128,0.8339,"{'learning_rate': 0.05, 'max_depth': 5, 'n_estimators': 100}"
vt,vt,LGBM,grid,0.8179,0.8339,0.016,0.8856,0.8566,-0.029,0.833,"{'learning_rate': 0.05, 'n_estimators': 100, 'num_leaves': 31}"
rfe,rfe,LR,bayes,0.8174,0.8294,0.012,0.8351,0.8449,0.0098,0.8395,"{'C': 0.04207988669606638, 'max_iter': 734}"
rfe,rfe,DT,bayes,0.7907,0.8119,0.0212,0.781,0.7958,0.0148,0.8238,"{'max_depth': 19, 'min_samples_split': 16, 'min_samples_leaf': 2, 'criterion': 'gini'}"
rfe,rfe,RF,bayes,0.8707,0.8655,-0.0052,0.8765,0.882,0.0055,0.8751,"{'n_estimators': 78, 'max_depth': 20, 'min_samples_split': 10, 'max_features': 'sqrt'}"
rfe,rfe,KNN,bayes,0.8118,0.833,0.0212,0.8289,0.8521,0.0232,0.8391,"{'n_neighbors': 19, 'weights': 'distance', 'metric': 'manhattan'}"
rfe,rfe,SVM,bayes,0.8311,0.8412,0.0101,0.8671,0.8423,-0.0248,0.8426,"{'C': 0.15673095467235415, 'gamma': 0.07902619549708234, 'kernel': 'rbf'}"
rfe,rfe,GB,bayes,0.8571,0.8671,0.01,0.8802,0.8534,-0.0268,0.8722,"{'n_estimators': 298, 'max_depth': 4, 'learning_rate': 0.018343512928250892}"
rfe,rfe,XGB,bayes,0.8523,0.8667,0.0144,0.8793,0.8864,0.0071,0.8748,"{'n_estimators': 240, 'max_depth': 7, 'learning_rate': 0.03409324461687165, 'subsample': 0.979138242341573, 'colsample_bytree': 0.6288407295528486}"
rfe,rfe,LGBM,bayes,0.855,0.8685,0.0135,0.89,0.8752,-0.0148,0.8708,"{'n_estimators': 72, 'num_leaves': 44, 'learning_rate': 0.08432406250831488, 'min_child_samples': 45}"
skb,skb,LR,bayes,0.8237,0.8329,0.0092,0.8363,0.8395,0.0032,0.843,"{'C': 0.028368160507837734, 'max_iter': 502}"
pc,skb,LR,bayes,0.8237,0.8329,0.0092,0.8363,0.8395,0.0032,0.843,"{'C': 0.028368160507837734, 'max_iter': 502}"
mir,skb,LR,bayes,0.8237,0.8329,0.0092,0.8363,0.8395,0.0032,0.843,"{'C': 0.028368160507837734, 'max_iter': 502}"
skb,skb,DT,bayes,0.7743,0.7886,0.0143,0.8244,0.7801,-0.0443,0.822,"{'max_depth': 15, 'min_samples_split': 12, 'min_samples_leaf': 3, 'criterion': 'entropy'}"
pc,skb,DT,bayes,0.7743,0.7886,0.0143,0.8244,0.7801,-0.0443,0.822,"{'max_depth': 15, 'min_samples_split': 12, 'min_samples_leaf': 3, 'criterion': 'entropy'}"
mir,skb,DT,bayes,0.7743,0.7886,0.0143,0.8244,0.7801,-0.0443,0.822,"{'max_depth': 15, 'min_samples_split': 12, 'min_samples_leaf': 3, 'criterion': 'entropy'}"
skb,skb,RF,bayes,0.8587,0.8608,0.0021,0.8784,0.8942,0.0158,0.8699,"{'n_estimators': 348, 'max_depth': 13, 'min_samples_split': 6, 'max_features': 'sqrt'}"
pc,skb,RF,bayes,0.8587,0.8608,0.0021,0.8784,0.8942,0.0158,0.8699,"{'n_estimators': 348, 'max_depth': 13, 'min_samples_split': 6, 'max_features': 'sqrt'}"
mir,skb,RF,bayes,0.8587,0.8608,0.0021,0.8784,0.8942,0.0158,0.8699,"{'n_estimators': 348, 'max_depth': 13, 'min_samples_split': 6, 'max_features': 'sqrt'}"
skb,skb,KNN,bayes,0.8105,0.837,0.0265,0.8301,0.8604,0.0303,0.836,"{'n_neighbors': 17, 'weights': 'distance', 'metric': 'manhattan'}"
pc,skb,KNN,bayes,0.8105,0.837,0.0265,0.8301,0.8604,0.0303,0.836,"{'n_neighbors': 17, 'weights': 'distance', 'metric': 'manhattan'}"
mir,skb,KNN,bayes,0.8105,0.837,0.0265,0.8301,0.8604,0.0303,0.836,"{'n_neighbors': 17, 'weights': 'distance', 'metric': 'manhattan'}"
skb,skb,SVM,bayes,0.8357,0.8438,0.0081,0.839,0.8458,0.0068,0.8452,"{'C': 0.6408654457658739, 'gamma': 0.05560904330400125, 'kernel': 'rbf'}"
pc,skb,SVM,bayes,0.8357,0.8438,0.0081,0.839,0.8458,0.0068,0.8452,"{'C': 0.6408654457658739, 'gamma': 0.05560904330400125, 'kernel': 'rbf'}"
mir,skb,SVM,bayes,0.8357,0.8438,0.0081,0.839,0.8458,0.0068,0.8452,"{'C': 0.6408654457658739, 'gamma': 0.05560904330400125, 'kernel': 'rbf'}"
skb,skb,GB,bayes,0.8526,0.8478,-0.0048,0.875,0.8494,-0.0256,0.862,"{'n_estimators': 298, 'max_depth': 3, 'learning_rate': 0.012016625535868212}"
pc,skb,GB,bayes,0.8526,0.8478,-0.0048,0.875,0.8494,-0.0256,0.862,"{'n_estimators': 298, 'max_depth': 3, 'learning_rate': 0.012016625535868212}"
mir,skb,GB,bayes,0.8526,0.8478,-0.0048,0.875,0.8494,-0.0256,0.862,"{'n_estimators': 298, 'max_depth': 3, 'learning_rate': 0.012016625535868212}"
skb,skb,XGB,bayes,0.8443,0.8617,0.0174,0.8761,0.8855,0.0094,0.8736,"{'n_estimators': 203, 'max_depth': 3, 'learning_rate': 0.027010527749605478, 'subsample': 0.7465447373174767, 'colsample_bytree': 0.7824279936868144}"
pc,skb,XGB,bayes,0.8443,0.8617,0.0174,0.8761,0.8855,0.0094,0.8736,"{'n_estimators': 203, 'max_depth': 3, 'learning_rate': 0.027010527749605478, 'subsample': 0.7465447373174767, 'colsample_bytree': 0.7824279936868144}"
mir,skb,XGB,bayes,0.8443,0.8617,0.0174,0.8761,0.8855,0.0094,0.8736,"{'n_estimators': 203, 'max_depth': 3, 'learning_rate': 0.027010527749605478, 'subsample': 0.7465447373174767, 'colsample_bytree': 0.7824279936868144}"
skb,skb,LGBM,bayes,0.8393,0.8588,0.0195,0.8797,0.8762,-0.0035,0.8742,"{'n_estimators': 240, 'num_leaves': 56, 'learning_rate': 0.016502053808562508, 'min_child_samples': 22}"
pc,skb,LGBM,bayes,0.8393,0.8588,0.0195,0.8797,0.8762,-0.0035,0.8742,"{'n_estimators': 240, 'num_leaves': 56, 'learning_rate': 0.016502053808562508, 'min_child_samples': 22}"
mir,skb,LGBM,bayes,0.8393,0.8588,0.0195,0.8797,0.8762,-0.0035,0.8742,"{'n_estimators': 240, 'num_leaves': 56, 'learning_rate': 0.016502053808562508, 'min_child_samples': 22}"
fscs,fscs,LR,bayes,0.8247,0.8265,0.0018,0.8199,0.8315,0.0116,0.8384,"{'C': 26.819288146025652, 'max_iter': 1740}"
fscs,fscs,DT,bayes,0.7772,0.7856,0.0084,0.8436,0.8115,-0.0321,0.8152,"{'max_depth': 18, 'min_samples_split': 17, 'min_samples_leaf': 7, 'criterion': 'entropy'}"
fscs,fscs,RF,bayes,0.8458,0.8435,-0.0023,0.8884,0.8784,-0.01,0.8688,"{'n_estimators': 59, 'max_depth': 30, 'min_samples_split': 9, 'max_features': 'sqrt'}"
fscs,fscs,KNN,bayes,0.8011,0.8206,0.0195,0.8001,0.8228,0.0227,0.8308,"{'n_neighbors': 18, 'weights': 'distance', 'metric': 'euclidean'}"
fscs,fscs,SVM,bayes,0.8382,0.8355,-0.0027,0.8387,0.8355,-0.0032,0.8413,"{'C': 1.472353842454525, 'gamma': 0.04392967602428482, 'kernel': 'rbf'}"
fscs,fscs,GB,bayes,0.8504,0.8437,-0.0067,0.8544,0.8564,0.002,0.8729,"{'n_estimators': 170, 'max_depth': 3, 'learning_rate': 0.06578870565503257}"
fscs,fscs,XGB,bayes,0.8291,0.8464,0.0173,0.8642,0.8714,0.0072,0.8755,"{'n_estimators': 119, 'max_depth': 4, 'learning_rate': 0.08984346146296351, 'subsample': 0.9263380806691901, 'colsample_bytree': 0.8570692283464406}"
fscs,fscs,LGBM,bayes,0.8275,0.834,0.0065,0.8908,0.8733,-0.0175,0.8625,"{'n_estimators': 164, 'num_leaves': 83, 'learning_rate': 0.019721610970574007, 'min_child_samples': 31}"
etc,etc,LR,bayes,0.8264,0.8289,0.0025,0.8362,0.8363,0.0001,0.8388,"{'C': 0.012087541473056965, 'max_iter': 1955}"
mi,etc,LR,bayes,0.8264,0.8289,0.0025,0.8362,0.8363,0.0001,0.8388,"{'C': 0.012087541473056965, 'max_iter': 1955}"
etc,etc,DT,bayes,0.7819,0.8078,0.0259,0.8212,0.8003,-0.0209,0.8246,"{'max_depth': 16, 'min_samples_split': 12, 'min_samples_leaf': 4, 'criterion': 'entropy'}"
mi,etc,DT,bayes,0.7819,0.8078,0.0259,0.8212,0.8003,-0.0209,0.8246,"{'max_depth': 16, 'min_samples_split': 12, 'min_samples_leaf': 4, 'criterion': 'entropy'}"
etc,etc,RF,bayes,0.8709,0.8723,0.0014,0.8761,0.8609,-0.0152,0.8763,"{'n_estimators': 163, 'max_depth': 9, 'min_samples_split': 4, 'max_features': 'log2'}"
mi,etc,RF,bayes,0.8709,0.8723,0.0014,0.8761,0.8609,-0.0152,0.8763,"{'n_estimators': 163, 'max_depth': 9, 'min_samples_split': 4, 'max_features': 'log2'}"
etc,etc,KNN,bayes,0.8138,0.8372,0.0234,0.8075,0.845,0.0375,0.8377,"{'n_neighbors': 15, 'weights': 'distance', 'metric': 'manhattan'}"
mi,etc,KNN,bayes,0.8138,0.8372,0.0234,0.8075,0.845,0.0375,0.8377,"{'n_neighbors': 15, 'weights': 'distance', 'metric': 'manhattan'}"
etc,etc,SVM,bayes,0.8435,0.8325,-0.011,0.8289,0.8282,-0.0007,0.8453,"{'C': 0.19856136480910308, 'gamma': 0.032753859933025535, 'kernel': 'rbf'}"
mi,etc,SVM,bayes,0.8435,0.8325,-0.011,0.8289,0.8282,-0.0007,0.8453,"{'C': 0.19856136480910308, 'gamma': 0.032753859933025535, 'kernel': 'rbf'}"
etc,etc,GB,bayes,0.8592,0.8664,0.0072,0.8536,0.8418,-0.0118,0.876,"{'n_estimators': 258, 'max_depth': 4, 'learning_rate': 0.01855998084649059}"
mi,etc,GB,bayes,0.8592,0.8664,0.0072,0.8536,0.8418,-0.0118,0.876,"{'n_estimators': 258, 'max_depth': 4, 'learning_rate': 0.01855998084649059}"
etc,etc,XGB,bayes,0.8633,0.8702,0.0069,0.8659,0.8652,-0.0007,0.8778,"{'n_estimators': 144, 'max_depth': 4, 'learning_rate': 0.03930345126553748, 'subsample': 0.7200766757927285, 'colsample_bytree': 0.8189071324479794}"
mi,etc,XGB,bayes,0.8633,0.8702,0.0069,0.8659,0.8652,-0.0007,0.8778,"{'n_estimators': 144, 'max_depth': 4, 'learning_rate': 0.03930345126553748, 'subsample': 0.7200766757927285, 'colsample_bytree': 0.8189071324479794}"
etc,etc,LGBM,bayes,0.8658,0.8578,-0.008,0.8659,0.8614,-0.0045,0.8749,"{'n_estimators': 241, 'num_leaves': 53, 'learning_rate': 0.020644999488695654, 'min_child_samples': 35}"
mi,etc,LGBM,bayes,0.8658,0.8578,-0.008,0.8659,0.8614,-0.0045,0.8749,"{'n_estimators': 241, 'num_leaves': 53, 'learning_rate': 0.020644999488695654, 'min_child_samples': 35}"
mu,mu,LR,bayes,0.8092,0.8088,-0.0004,0.809,0.7893,-0.0197,0.815,"{'C': 0.04207988669606638, 'max_iter': 734}"
mu,mu,DT,bayes,0.7744,0.7568,-0.0176,0.7695,0.8007,0.0312,0.8129,"{'max_depth': 20, 'min_samples_split': 6, 'min_samples_leaf': 2, 'criterion': 'gini'}"
mu,mu,RF,bayes,0.8321,0.8433,0.0112,0.8647,0.8618,-0.0029,0.8573,"{'n_estimators': 338, 'max_depth': 19, 'min_samples_split': 2, 'max_features': 'sqrt'}"
mu,mu,KNN,bayes,0.8144,0.8333,0.0189,0.7945,0.8521,0.0576,0.8356,"{'n_neighbors': 6, 'weights': 'distance', 'metric': 'manhattan'}"
mu,mu,SVM,bayes,0.8241,0.8138,-0.0103,0.8161,0.8203,0.0042,0.8396,"{'C': 4.079652540924721, 'gamma': 0.08137623066396893, 'kernel': 'rbf'}"
mu,mu,GB,bayes,0.8334,0.8344,0.001,0.8246,0.8374,0.0128,0.8583,"{'n_estimators': 67, 'max_depth': 5, 'learning_rate': 0.20111242331818155}"
mu,mu,XGB,bayes,0.8342,0.8401,0.0059,0.8516,0.8681,0.0165,0.8572,"{'n_estimators': 217, 'max_depth': 7, 'learning_rate': 0.06092233194035177, 'subsample': 0.8337763144135922, 'colsample_bytree': 0.7286905548514835}"
mu,mu,LGBM,bayes,0.837,0.8251,-0.0119,0.8644,0.8579,-0.0065,0.8669,"{'n_estimators': 79, 'num_leaves': 42, 'learning_rate': 0.18585065385250132, 'min_child_samples': 28}"
vt,vt,LR,bayes,0.7964,0.7951,-0.0013,0.8019,0.8125,0.0106,0.7935,"{'C': 0.5342937261279778, 'max_iter': 937}"
vt,vt,DT,bayes,0.7626,0.7711,0.0085,0.7907,0.7804,-0.0103,0.7685,"{'max_depth': 8, 'min_samples_split': 5, 'min_samples_leaf': 1, 'criterion': 'gini'}"
vt,vt,RF,bayes,0.8301,0.8407,0.0106,0.8679,0.8721,0.0042,0.8451,"{'n_estimators': 463, 'max_depth': 21, 'min_samples_split': 5, 'max_features': 'sqrt'}"
vt,vt,KNN,bayes,0.7834,0.799,0.0156,0.7846,0.7859,0.0013,0.8109,"{'n_neighbors': 6, 'weights': 'distance', 'metric': 'manhattan'}"
vt,vt,SVM,bayes,0.8179,0.82,0.0021,0.8398,0.8233,-0.0165,0.8192,"{'C': 1.736970510664159, 'gamma': 0.07838388330018219, 'kernel': 'rbf'}"
vt,vt,GB,bayes,0.8207,0.8248,0.0041,0.8671,0.8595,-0.0076,0.8305,"{'n_estimators': 295, 'max_depth': 3, 'learning_rate': 0.016793900771500305}"
vt,vt,XGB,bayes,0.8203,0.823,0.0027,0.8596,0.876,0.0164,0.8401,"{'n_estimators': 96, 'max_depth': 4, 'learning_rate': 0.05958389350068958, 'subsample': 0.7727780074568463, 'colsample_bytree': 0.7164916560792167}"
vt,vt,LGBM,bayes,0.8179,0.8229,0.005,0.8856,0.8634,-0.0222,0.8373,"{'n_estimators': 164, 'num_leaves': 83, 'learning_rate': 0.019721610970574007, 'min_child_samples': 31}"
