Method,Method_Name,Selected_Items,Selected_Item_Names,Excluded_Items
RFE,Recursive Feature Elimination (Random Forest),"PSS2, PSS4, PSS10, GAD1, GAD2, GAD3, GAD4, GAD5, GAD6, GAD7, PHQ2, PHQ4, PHQ5, PHQ6, PHQ7","Lost Control, Cannot Cope, Mounting Difficulties, Feeling Anxious, Uncontrollable Worry, Trouble Relaxing, Easily Irritated, Excessive Worry, Restlessness, Feeling Afraid, Feeling Down, Low Energy, Appetite Change, Low Self-Worth, Poor Concentration","PSS1, PSS3, PSS5, PSS6, PSS7, PSS8, PSS9, PHQ1, PHQ3, PHQ8, PHQ9"
SKB,ANOVA F-test (SelectKBest),"PSS2, PSS3, PSS10, GAD1, GAD3, GAD4, GAD5, GAD6, GAD7, PHQ2, PHQ3, PHQ4, PHQ5, PHQ6, PHQ7","Lost Control, Academic Nervousness, Mounting Difficulties, Feeling Anxious, Trouble Relaxing, Easily Irritated, Excessive Worry, Restlessness, Feeling Afraid, Feeling Down, Sleep Problems, Low Energy, Appetite Change, Low Self-Worth, Poor Concentration","PSS1, PSS4, PSS5, PSS6, PSS7, PSS8, PSS9, GAD2, PHQ1, PHQ8, PHQ9"
FSCS,Chi-squared test,"PSS2, GAD1, GAD3, GAD4, GAD5, GAD6, GAD7, PHQ2, PHQ3, PHQ4, PHQ5, PHQ6, PHQ7, PHQ8, PHQ9","Lost Control, Feeling Anxious, Trouble Relaxing, Easily Irritated, Excessive Worry, Restlessness, Feeling Afraid, Feeling Down, Sleep Problems, Low Energy, Appetite Change, Low Self-Worth, Poor Concentration, Psychomotor Change, Self-Harm Thoughts","PSS1, PSS3, PSS4, PSS5, PSS6, PSS7, PSS8, PSS9, PSS10, GAD2, PHQ1"
ETC,Extra Trees importance,"PSS2, PSS10, GAD1, GAD2, GAD3, GAD4, GAD5, GAD6, GAD7, PHQ2, PHQ3, PHQ4, PHQ5, PHQ6, PHQ7","Lost Control, Mounting Difficulties, Feeling Anxious, Uncontrollable Worry, Trouble Relaxing, Easily Irritated, Excessive Worry, Restlessness, Feeling Afraid, Feeling Down, Sleep Problems, Low Energy, Appetite Change, Low Self-Worth, Poor Concentration","PSS1, PSS3, PSS4, PSS5, PSS6, PSS7, PSS8, PSS9, PHQ1, PHQ8, PHQ9"
PC,Pearson correlation,"PSS2, PSS3, PSS10, GAD1, GAD3, GAD4, GAD5, GAD6, GAD7, PHQ2, PHQ3, PHQ4, PHQ5, PHQ6, PHQ7","Lost Control, Academic Nervousness, Mounting Difficulties, Feeling Anxious, Trouble Relaxing, Easily Irritated, Excessive Worry, Restlessness, Feeling Afraid, Feeling Down, Sleep Problems, Low Energy, Appetite Change, Low Self-Worth, Poor Concentration","PSS1, PSS4, PSS5, PSS6, PSS7, PSS8, PSS9, GAD2, PHQ1, PHQ8, PHQ9"
MI,Mutual information (classification),"PSS2, PSS10, GAD1, GAD2, GAD3, GAD4, GAD5, GAD6, GAD7, PHQ2, PHQ3, PHQ4, PHQ5, PHQ6, PHQ7","Lost Control, Mounting Difficulties, Feeling Anxious, Uncontrollable Worry, Trouble Relaxing, Easily Irritated, Excessive Worry, Restlessness, Feeling Afraid, Feeling Down, Sleep Problems, Low Energy, Appetite Change, Low Self-Worth, Poor Concentration","PSS1, PSS3, PSS4, PSS5, PSS6, PSS7, PSS8, PSS9, PHQ1, PHQ8, PHQ9"
MIR,Mutual information (regression),"PSS2, PSS3, PSS10, GAD1, GAD3, GAD4, GAD5, GAD6, GAD7, PHQ2, PHQ3, PHQ4, PHQ5, PHQ6, PHQ7","Lost Control, Academic Nervousness, Mounting Difficulties, Feeling Anxious, Trouble Relaxing, Easily Irritated, Excessive Worry, Restlessness, Feeling Afraid, Feeling Down, Sleep Problems, Low Energy, Appetite Change, Low Self-Worth, Poor Concentration","PSS1, PSS4, PSS5, PSS6, PSS7, PSS8, PSS9, GAD2, PHQ1, PHQ8, PHQ9"
MU,Fewest unique values,"GAD1, GAD2, GAD3, GAD4, GAD5, GAD6, GAD7, PHQ1, PHQ2, PHQ3, PHQ4, PHQ5, PHQ6, PHQ7, PHQ8","Feeling Anxious, Uncontrollable Worry, Trouble Relaxing, Easily Irritated, Excessive Worry, Restlessness, Feeling Afraid, Low Interest, Feeling Down, Sleep Problems, Low Energy, Appetite Change, Low Self-Worth, Poor Concentration, Psychomotor Change","PSS1, PSS2, PSS3, PSS4, PSS5, PSS6, PSS7, PSS8, PSS9, PSS10, PHQ9"
VT,Highest variance,"PSS1, PSS2, PSS3, PSS4, PSS5, PSS6, PSS8, PSS9, PSS10, GAD6, GAD7, PHQ2, PHQ3, PHQ6, PHQ9","Academic Upset, Lost Control, Academic Nervousness, Cannot Cope, Handling Confidence, Going Well, Top Performance, Grade Anger, Mounting Difficulties, Restlessness, Feeling Afraid, Feeling Down, Sleep Problems, Low Self-Worth, Self-Harm Thoughts","PSS7, GAD1, GAD2, GAD3, GAD4, GAD5, PHQ1, PHQ4, PHQ5, PHQ7, PHQ8"
