Method,Item,Item_Name,Selection_Frequency,In_Main_Selection
RFE,PSS1,Academic Upset,0.0,False
RFE,PSS2,Lost Control,1.0,True
RFE,PSS3,Academic Nervousness,0.2,False
RFE,PSS4,Cannot Cope,0.84,True
RFE,PSS5,Handling Confidence,0.0,False
RFE,PSS6,Going Well,0.0,False
RFE,PSS7,Irritation Control,0.0,False
RFE,PSS8,Top Performance,0.0,False
RFE,PSS9,Grade Anger,0.0,False
RFE,PSS10,Mounting Difficulties,0.92,True
RFE,GAD1,Feeling Anxious,1.0,True
RFE,GAD2,Uncontrollable Worry,0.8,True
RFE,GAD3,Trouble Relaxing,1.0,True
RFE,GAD4,Easily Irritated,1.0,True
RFE,GAD5,Excessive Worry,1.0,True
RFE,GAD6,Restlessness,1.0,True
RFE,GAD7,Feeling Afraid,1.0,True
RFE,PHQ1,Low Interest,0.0,False
RFE,PHQ2,Feeling Down,1.0,True
RFE,PHQ3,Sleep Problems,0.68,False
RFE,PHQ4,Low Energy,1.0,True
RFE,PHQ5,Appetite Change,0.64,True
RFE,PHQ6,Low Self-Worth,1.0,True
RFE,PHQ7,Poor Concentration,0.92,True
RFE,PHQ8,Psychomotor Change,0.0,False
RFE,PHQ9,Self-Harm Thoughts,0.0,False
SKB,PSS1,Academic Upset,0.12,False
SKB,PSS2,Lost Control,1.0,True
SKB,PSS3,Academic Nervousness,0.96,True
SKB,PSS4,Cannot Cope,0.08,False
SKB,PSS5,Handling Confidence,0.0,False
SKB,PSS6,Going Well,0.0,False
SKB,PSS7,Irritation Control,0.0,False
SKB,PSS8,Top Performance,0.0,False
SKB,PSS9,Grade Anger,0.0,False
SKB,PSS10,Mounting Difficulties,0.64,True
SKB,GAD1,Feeling Anxious,1.0,True
SKB,GAD2,Uncontrollable Worry,0.08,False
SKB,GAD3,Trouble Relaxing,1.0,True
SKB,GAD4,Easily Irritated,1.0,True
SKB,GAD5,Excessive Worry,1.0,True
SKB,GAD6,Restlessness,1.0,True
SKB,GAD7,Feeling Afraid,1.0,True
SKB,PHQ1,Low Interest,0.0,False
SKB,PHQ2,Feeling Down,1.0,True
SKB,PHQ3,Sleep Problems,1.0,True
SKB,PHQ4,Low Energy,1.0,True
SKB,PHQ5,Appetite Change,0.56,True
SKB,PHQ6,Low Self-Worth,1.0,True
SKB,PHQ7,Poor Concentration,1.0,True
SKB,PHQ8,Psychomotor Change,0.56,False
SKB,PHQ9,Self-Harm Thoughts,0.0,False
FSCS,PSS1,Academic Upset,0.0,False
FSCS,PSS2,Lost Control,0.72,True
FSCS,PSS3,Academic Nervousness,0.0,False
FSCS,PSS4,Cannot Cope,0.0,False
FSCS,PSS5,Handling Confidence,0.0,False
FSCS,PSS6,Going Well,0.0,False
FSCS,PSS7,Irritation Control,0.0,False
FSCS,PSS8,Top Performance,0.0,False
FSCS,PSS9,Grade Anger,0.0,False
FSCS,PSS10,Mounting Difficulties,0.0,False
FSCS,GAD1,Feeling Anxious,1.0,True
FSCS,GAD2,Uncontrollable Worry,0.32,False
FSCS,GAD3,Trouble Relaxing,1.0,True
FSCS,GAD4,Easily Irritated,1.0,True
FSCS,GAD5,Excessive Worry,1.0,True
FSCS,GAD6,Restlessness,1.0,True
FSCS,GAD7,Feeling Afraid,1.0,True
FSCS,PHQ1,Low Interest,0.0,False
FSCS,PHQ2,Feeling Down,1.0,True
FSCS,PHQ3,Sleep Problems,1.0,True
FSCS,PHQ4,Low Energy,1.0,True
FSCS,PHQ5,Appetite Change,1.0,True
FSCS,PHQ6,Low Self-Worth,1.0,True
FSCS,PHQ7,Poor Concentration,1.0,True
FSCS,PHQ8,Psychomotor Change,0.96,True
FSCS,PHQ9,Self-Harm Thoughts,1.0,True
ETC,PSS1,Academic Upset,0.04,False
ETC,PSS2,Lost Control,1.0,True
ETC,PSS3,Academic Nervousness,0.4,False
ETC,PSS4,Cannot Cope,0.08,False
ETC,PSS5,Handling Confidence,0.0,False
ETC,PSS6,Going Well,0.0,False
ETC,PSS7,Irritation Control,0.0,False
ETC,PSS8,Top Performance,0.0,False
ETC,PSS9,Grade Anger,0.0,False
ETC,PSS10,Mounting Difficulties,0.6,True
ETC,GAD1,Feeling Anxious,1.0,True
ETC,GAD2,Uncontrollable Worry,0.96,True
ETC,GAD3,Trouble Relaxing,1.0,True
ETC,GAD4,Easily Irritated,1.0,True
ETC,GAD5,Excessive Worry,1.0,True
ETC,GAD6,Restlessness,1.0,True
ETC,GAD7,Feeling Afraid,1.0,True
ETC,PHQ1,Low Interest,0.0,False
ETC,PHQ2,Feeling Down,1.0,True
ETC,PHQ3,Sleep Problems,1.0,True
ETC,PHQ4,Low Energy,1.0,True
ETC,PHQ5,Appetite Change,0.44,True
ETC,PHQ6,Low Self-Worth,1.0,True
ETC,PHQ7,Poor Concentration,1.0,True
ETC,PHQ8,Psychomotor Change,0.48,False
ETC,PHQ9,Self-Harm Thoughts,0.0,False
PC,PSS1,Academic Upset,0.12,False
PC,PSS2,Lost Control,1.0,True
PC,PSS3,Academic Nervousness,0.96,True
PC,PSS4,Cannot Cope,0.08,False
PC,PSS5,Handling Confidence,0.0,False
PC,PSS6,Going Well,0.0,False
PC,PSS7,Irritation Control,0.0,False
PC,PSS8,Top Performance,0.0,False
PC,PSS9,Grade Anger,0.0,False
PC,PSS10,Mounting Difficulties,0.64,True
PC,GAD1,Feeling Anxious,1.0,True
PC,GAD2,Uncontrollable Worry,0.08,False
PC,GAD3,Trouble Relaxing,1.0,True
PC,GAD4,Easily Irritated,1.0,True
PC,GAD5,Excessive Worry,1.0,True
PC,GAD6,Restlessness,1.0,True
PC,GAD7,Feeling Afraid,1.0,True
PC,PHQ1,Low Interest,0.0,False
PC,PHQ2,Feeling Down,1.0,True
PC,PHQ3,Sleep Problems,1.0,True
PC,PHQ4,Low Energy,1.0,True
PC,PHQ5,Appetite Change,0.56,True
PC,PHQ6,Low Self-Worth,1.0,True
PC,PHQ7,Poor Concentration,1.0,True
PC,PHQ8,Psychomotor Change,0.56,False
PC,PHQ9,Self-Harm Thoughts,0.0,False
MI,PSS1,Academic Upset,0.0,False
MI,PSS2,Lost Control,0.96,True
MI,PSS3,Academic Nervousness,0.6,False
MI,PSS4,Cannot Cope,0.16,False
MI,PSS5,Handling Confidence,0.0,False
MI,PSS6,Going Well,0.0,False
MI,PSS7,Irritation Control,0.0,False
MI,PSS8,Top Performance,0.0,False
MI,PSS9,Grade Anger,0.0,False
MI,PSS10,Mounting Difficulties,0.44,True
MI,GAD1,Feeling Anxious,1.0,True
MI,GAD2,Uncontrollable Worry,0.92,True
MI,GAD3,Trouble Relaxing,1.0,True
MI,GAD4,Easily Irritated,1.0,True
MI,GAD5,Excessive Worry,1.0,True
MI,GAD6,Restlessness,1.0,True
MI,GAD7,Feeling Afraid,1.0,True
MI,PHQ1,Low Interest,0.0,False
MI,PHQ2,Feeling Down,1.0,True
MI,PHQ3,Sleep Problems,0.88,True
MI,PHQ4,Low Energy,1.0,True
MI,PHQ5,Appetite Change,0.72,True
MI,PHQ6,Low Self-Worth,1.0,True
MI,PHQ7,Poor Concentration,1.0,True
MI,PHQ8,Psychomotor Change,0.32,False
MI,PHQ9,Self-Harm Thoughts,0.0,False
MIR,PSS1,Academic Upset,0.0,False
MIR,PSS2,Lost Control,0.96,True
MIR,PSS3,Academic Nervousness,0.6,True
MIR,PSS4,Cannot Cope,0.16,False
MIR,PSS5,Handling Confidence,0.0,False
MIR,PSS6,Going Well,0.0,False
MIR,PSS7,Irritation Control,0.0,False
MIR,PSS8,Top Performance,0.0,False
MIR,PSS9,Grade Anger,0.0,False
MIR,PSS10,Mounting Difficulties,0.64,True
MIR,GAD1,Feeling Anxious,1.0,True
MIR,GAD2,Uncontrollable Worry,0.92,False
MIR,GAD3,Trouble Relaxing,1.0,True
MIR,GAD4,Easily Irritated,1.0,True
MIR,GAD5,Excessive Worry,1.0,True
MIR,GAD6,Restlessness,1.0,True
MIR,GAD7,Feeling Afraid,1.0,True
MIR,PHQ1,Low Interest,0.0,False
MIR,PHQ2,Feeling Down,1.0,True
MIR,PHQ3,Sleep Problems,0.84,True
MIR,PHQ4,Low Energy,1.0,True
MIR,PHQ5,Appetite Change,0.52,True
MIR,PHQ6,Low Self-Worth,1.0,True
MIR,PHQ7,Poor Concentration,0.96,True
MIR,PHQ8,Psychomotor Change,0.4,False
MIR,PHQ9,Self-Harm Thoughts,0.0,False
MU,PSS1,Academic Upset,0.0,False
MU,PSS2,Lost Control,0.0,False
MU,PSS3,Academic Nervousness,0.0,False
MU,PSS4,Cannot Cope,0.0,False
MU,PSS5,Handling Confidence,0.0,False
MU,PSS6,Going Well,0.0,False
MU,PSS7,Irritation Control,0.0,False
MU,PSS8,Top Performance,0.0,False
MU,PSS9,Grade Anger,0.0,False
MU,PSS10,Mounting Difficulties,0.0,False
MU,GAD1,Feeling Anxious,1.0,True
MU,GAD2,Uncontrollable Worry,1.0,True
MU,GAD3,Trouble Relaxing,1.0,True
MU,GAD4,Easily Irritated,1.0,True
MU,GAD5,Excessive Worry,1.0,True
MU,GAD6,Restlessness,1.0,True
MU,GAD7,Feeling Afraid,1.0,True
MU,PHQ1,Low Interest,1.0,True
MU,PHQ2,Feeling Down,1.0,True
MU,PHQ3,Sleep Problems,1.0,True
MU,PHQ4,Low Energy,1.0,True
MU,PHQ5,Appetite Change,1.0,True
MU,PHQ6,Low Self-Worth,1.0,True
MU,PHQ7,Poor Concentration,1.0,True
MU,PHQ8,Psychomotor Change,1.0,True
MU,PHQ9,Self-Harm Thoughts,0.0,False
VT,PSS1,Academic Upset,1.0,True
VT,PSS2,Lost Control,1.0,True
VT,PSS3,Academic Nervousness,1.0,True
VT,PSS4,Cannot Cope,1.0,True
VT,PSS5,Handling Confidence,0.96,True
VT,PSS6,Going Well,0.76,True
VT,PSS7,Irritation Control,0.0,False
VT,PSS8,Top Performance,0.56,True
VT,PSS9,Grade Anger,1.0,True
VT,PSS10,Mounting Difficulties,1.0,True
VT,GAD1,Feeling Anxious,0.0,False
VT,GAD2,Uncontrollable Worry,0.04,False
VT,GAD3,Trouble Relaxing,0.12,False
VT,GAD4,Easily Irritated,0.04,False
VT,GAD5,Excessive Worry,0.68,False
VT,GAD6,Restlessness,0.64,True
VT,GAD7,Feeling Afraid,1.0,True
VT,PHQ1,Low Interest,0.0,False
VT,PHQ2,Feeling Down,1.0,True
VT,PHQ3,Sleep Problems,0.92,True
VT,PHQ4,Low Energy,0.8,False
VT,PHQ5,Appetite Change,0.0,False
VT,PHQ6,Low Self-Worth,1.0,True
VT,PHQ7,Poor Concentration,0.0,False
VT,PHQ8,Psychomotor Change,0.0,False
VT,PHQ9,Self-Harm Thoughts,0.48,True
