,RFE,SKB,FSCS,ETC,PC,MI,MIR,MU,VT
RFE,1.0,0.765,0.667,0.875,0.765,0.875,0.765,0.667,0.304
SKB,0.765,1.0,0.765,0.875,1.0,0.875,1.0,0.667,0.364
FSCS,0.667,0.765,1.0,0.765,0.765,0.765,0.765,0.765,0.304
ETC,0.875,0.875,0.765,1.0,0.875,1.0,0.875,0.765,0.304
PC,0.765,1.0,0.765,0.875,1.0,0.875,1.0,0.667,0.364
MI,0.875,0.875,0.765,1.0,0.875,1.0,0.875,0.765,0.304
MIR,0.765,1.0,0.765,0.875,1.0,0.875,1.0,0.667,0.364
MU,0.667,0.667,0.765,0.765,0.667,0.765,0.667,1.0,0.2
VT,0.304,0.364,0.304,0.304,0.364,0.304,0.364,0.2,1.0
