Feature_Method,Model,Folds,CV_F1_Macro_Mean,CV_F1_Macro_Std,CV_Accuracy_Mean,CV_Accuracy_Std,CV_Balanced_Accuracy_Mean,CV_AUC_Macro_Mean
rfe,LR,5,0.8241,0.0106,0.8726,0.0079,0.8794,0.9695
rfe,DT,5,0.8007,0.045,0.8578,0.0329,0.8161,0.8651
rfe,RF,5,0.8601,0.034,0.9004,0.0162,0.8515,0.9787
rfe,KNN,5,0.824,0.0199,0.8757,0.0152,0.8775,0.951
rfe,SVM,5,0.8372,0.0169,0.8875,0.0105,0.8822,0.9758
rfe,GB,5,0.8632,0.0198,0.9048,0.0125,0.862,0.977
rfe,XGB,5,0.8721,0.0281,0.9104,0.0175,0.8621,0.9748
rfe,LGBM,5,0.8679,0.0226,0.9029,0.0156,0.8572,0.9773
skb,LR,5,0.8301,0.0164,0.8788,0.0094,0.8797,0.9706
skb,DT,5,0.7997,0.0403,0.8429,0.0226,0.8062,0.854
skb,RF,5,0.8488,0.0296,0.8986,0.0142,0.841,0.9762
skb,KNN,5,0.8039,0.0275,0.8603,0.023,0.8648,0.9476
skb,SVM,5,0.8455,0.0265,0.8905,0.009,0.8897,0.9756
skb,GB,5,0.8577,0.028,0.8998,0.0145,0.8592,0.9762
skb,XGB,5,0.856,0.0287,0.9011,0.0218,0.8487,0.9751
skb,LGBM,5,0.8519,0.0296,0.8992,0.0195,0.8392,0.9752
fscs,LR,5,0.8346,0.0175,0.8794,0.0099,0.8926,0.9701
fscs,DT,5,0.7969,0.0369,0.8411,0.0218,0.801,0.8507
fscs,RF,5,0.8659,0.0435,0.9042,0.0218,0.8606,0.9772
fscs,KNN,5,0.8095,0.0231,0.8646,0.0136,0.8688,0.9546
fscs,SVM,5,0.8401,0.0179,0.8893,0.0094,0.8925,0.9754
fscs,GB,5,0.8674,0.0196,0.9017,0.0095,0.8589,0.9766
fscs,XGB,5,0.845,0.0346,0.8893,0.0207,0.8339,0.976
fscs,LGBM,5,0.86,0.026,0.8986,0.0181,0.8541,0.9762
etc,LR,5,0.826,0.0207,0.8726,0.0122,0.8788,0.9702
etc,DT,5,0.7942,0.0378,0.8466,0.0255,0.807,0.8562
etc,RF,5,0.8747,0.0258,0.9122,0.0132,0.8667,0.9797
etc,KNN,5,0.8121,0.0239,0.8714,0.0203,0.8735,0.9538
etc,SVM,5,0.8399,0.0168,0.8905,0.0121,0.8865,0.9758
etc,GB,5,0.8636,0.0293,0.9029,0.0195,0.864,0.9759
etc,XGB,5,0.8609,0.0198,0.9066,0.0079,0.8536,0.9774
etc,LGBM,5,0.8511,0.0209,0.898,0.0155,0.8406,0.9774
pc,LR,5,0.8301,0.0164,0.8788,0.0094,0.8797,0.9706
pc,DT,5,0.7997,0.0403,0.8429,0.0226,0.8062,0.854
pc,RF,5,0.8488,0.0296,0.8986,0.0142,0.841,0.9762
pc,KNN,5,0.8039,0.0275,0.8603,0.023,0.8648,0.9476
pc,SVM,5,0.8455,0.0265,0.8905,0.009,0.8897,0.9756
pc,GB,5,0.8577,0.028,0.8998,0.0145,0.8592,0.9762
pc,XGB,5,0.856,0.0287,0.9011,0.0218,0.8487,0.9751
pc,LGBM,5,0.8519,0.0296,0.8992,0.0195,0.8392,0.9752
mi,LR,5,0.826,0.0207,0.8726,0.0122,0.8788,0.9702
mi,DT,5,0.7942,0.0378,0.8466,0.0255,0.807,0.8562
mi,RF,5,0.8747,0.0258,0.9122,0.0132,0.8667,0.9797
mi,KNN,5,0.8121,0.0239,0.8714,0.0203,0.8735,0.9538
mi,SVM,5,0.8399,0.0168,0.8905,0.0121,0.8865,0.9758
mi,GB,5,0.8636,0.0293,0.9029,0.0195,0.864,0.9759
mi,XGB,5,0.8609,0.0198,0.9066,0.0079,0.8536,0.9774
mi,LGBM,5,0.8511,0.0209,0.898,0.0155,0.8406,0.9774
mir,LR,5,0.8301,0.0164,0.8788,0.0094,0.8797,0.9706
mir,DT,5,0.7997,0.0403,0.8429,0.0226,0.8062,0.854
mir,RF,5,0.8488,0.0296,0.8986,0.0142,0.841,0.9762
mir,KNN,5,0.8039,0.0275,0.8603,0.023,0.8648,0.9476
mir,SVM,5,0.8455,0.0265,0.8905,0.009,0.8897,0.9756
mir,GB,5,0.8577,0.028,0.8998,0.0145,0.8592,0.9762
mir,XGB,5,0.856,0.0287,0.9011,0.0218,0.8487,0.9751
mir,LGBM,5,0.8519,0.0296,0.8992,0.0195,0.8392,0.9752
mu,LR,5,0.8122,0.012,0.8615,0.0067,0.8687,0.9653
mu,DT,5,0.8149,0.0441,0.859,0.0241,0.8209,0.8665
mu,RF,5,0.8378,0.034,0.8837,0.0137,0.8376,0.9757
mu,KNN,5,0.8131,0.0251,0.8615,0.0114,0.867,0.9421
mu,SVM,5,0.8264,0.026,0.8819,0.0128,0.871,0.9726
mu,GB,5,0.8449,0.0304,0.8862,0.0129,0.8491,0.9722
mu,XGB,5,0.8572,0.0387,0.8936,0.0185,0.8536,0.9759
mu,LGBM,5,0.8537,0.0235,0.8936,0.0134,0.8436,0.9755
vt,LR,5,0.7935,0.029,0.8472,0.0155,0.8576,0.9597
vt,DT,5,0.7523,0.0298,0.8194,0.0135,0.7593,0.8245
vt,RF,5,0.8374,0.0093,0.8837,0.0117,0.826,0.9658
vt,KNN,5,0.7817,0.0321,0.8392,0.0212,0.8599,0.9403
vt,SVM,5,0.8097,0.019,0.8633,0.0118,0.8535,0.9636
vt,GB,5,0.8269,0.0172,0.8738,0.0072,0.8234,0.963
vt,XGB,5,0.8185,0.0182,0.8739,0.0084,0.807,0.9628
vt,LGBM,5,0.814,0.0237,0.872,0.0077,0.8059,0.9619
