Feature_Method,Model,Accuracy,Precision_Weighted,Recall_Weighted,F1_Weighted,F1_Macro,Precision_Macro,Recall_Macro,Balanced_Accuracy,MCC,AUC_Macro_OvR,F1_Stable,F1_Challenged,F1_Critical
rfe,LR,0.8864,0.9004,0.8864,0.8896,0.8351,0.7994,0.8997,0.8997,0.7996,0.9752,0.7,0.894,0.9114
rfe,DT,0.8395,0.8424,0.8395,0.8406,0.781,0.7672,0.7976,0.7976,0.7037,0.849,0.64,0.8578,0.8452
rfe,RF,0.9062,0.906,0.9062,0.9056,0.8765,0.9023,0.8557,0.8557,0.8232,0.983,0.8095,0.9174,0.9026
rfe,KNN,0.8914,0.9014,0.8914,0.8945,0.8289,0.8003,0.8751,0.8751,0.8037,0.9531,0.6667,0.9009,0.9191
rfe,SVM,0.921,0.9255,0.921,0.9224,0.8671,0.845,0.8962,0.8962,0.8557,0.982,0.7308,0.9283,0.9423
rfe,GB,0.9185,0.9181,0.9185,0.918,0.8802,0.8987,0.8644,0.8644,0.8467,0.9816,0.7907,0.9284,0.9216
rfe,XGB,0.9062,0.9059,0.9062,0.9059,0.8793,0.8909,0.8688,0.8688,0.8239,0.9788,0.8182,0.917,0.9026
rfe,LGBM,0.921,0.9208,0.921,0.9207,0.89,0.9031,0.8782,0.8782,0.8515,0.9796,0.8182,0.9307,0.9211
skb,LR,0.884,0.8964,0.884,0.8867,0.8363,0.8011,0.8975,0.8975,0.7943,0.9751,0.7119,0.892,0.9051
skb,DT,0.8568,0.8577,0.8568,0.8571,0.8244,0.8152,0.8346,0.8346,0.7343,0.8721,0.75,0.8717,0.8516
skb,RF,0.9086,0.9086,0.9086,0.9081,0.8784,0.9033,0.8586,0.8586,0.8283,0.9864,0.8095,0.919,0.9068
skb,KNN,0.8716,0.885,0.8716,0.8745,0.8301,0.7921,0.9004,0.9004,0.7724,0.9727,0.7213,0.8807,0.8882
skb,SVM,0.8963,0.9069,0.8963,0.8995,0.839,0.808,0.8911,0.8911,0.8131,0.9836,0.6897,0.9054,0.9221
skb,GB,0.9111,0.9107,0.9111,0.9107,0.875,0.8918,0.8608,0.8608,0.8333,0.9827,0.7907,0.9211,0.9132
skb,XGB,0.9086,0.9085,0.9086,0.9085,0.8761,0.8809,0.8716,0.8716,0.8292,0.9809,0.8,0.9187,0.9097
skb,LGBM,0.9136,0.9134,0.9136,0.9134,0.8797,0.8845,0.8752,0.8752,0.8385,0.9823,0.8,0.9231,0.9161
fscs,LR,0.8741,0.8883,0.8741,0.8771,0.8199,0.7863,0.8793,0.8793,0.7783,0.9736,0.678,0.8817,0.9
fscs,DT,0.8716,0.8715,0.8716,0.8716,0.8436,0.8439,0.8434,0.8434,0.7599,0.8803,0.7826,0.8884,0.8599
fscs,RF,0.9111,0.9113,0.9111,0.9109,0.8884,0.906,0.8738,0.8738,0.8337,0.9823,0.8372,0.9207,0.9073
fscs,KNN,0.8568,0.8788,0.8568,0.8615,0.8001,0.7633,0.8807,0.8807,0.7524,0.9487,0.6462,0.8638,0.8903
fscs,SVM,0.8963,0.9042,0.8963,0.8986,0.8387,0.8113,0.8794,0.8794,0.8126,0.982,0.6909,0.905,0.9201
fscs,GB,0.8963,0.896,0.8963,0.8961,0.8544,0.8591,0.8499,0.8499,0.806,0.982,0.7556,0.9079,0.8997
fscs,XGB,0.8988,0.8992,0.8988,0.8988,0.8642,0.8629,0.8658,0.8658,0.8119,0.9803,0.7826,0.9091,0.901
fscs,LGBM,0.9111,0.9117,0.9111,0.9111,0.8908,0.8948,0.8875,0.8875,0.8349,0.9816,0.8444,0.92,0.9079
etc,LR,0.884,0.8954,0.884,0.8868,0.8362,0.8015,0.8961,0.8961,0.7927,0.9752,0.7119,0.8929,0.9038
etc,DT,0.8691,0.8701,0.8691,0.8695,0.8212,0.8137,0.8296,0.8296,0.7563,0.8732,0.7083,0.886,0.8693
etc,RF,0.9086,0.9085,0.9086,0.9085,0.8761,0.8809,0.8716,0.8716,0.8292,0.9853,0.8,0.9187,0.9097
etc,KNN,0.8716,0.89,0.8716,0.8766,0.8075,0.7734,0.8765,0.8765,0.7741,0.9581,0.6349,0.8802,0.9073
etc,SVM,0.8864,0.8986,0.8864,0.8898,0.8289,0.7964,0.8852,0.8852,0.7968,0.9829,0.678,0.8955,0.9132
etc,GB,0.9012,0.9013,0.9012,0.9012,0.8536,0.853,0.8542,0.8542,0.8158,0.9817,0.7391,0.9119,0.9097
etc,XGB,0.9012,0.9013,0.9012,0.9013,0.8659,0.8653,0.8665,0.8665,0.8158,0.981,0.7826,0.9119,0.9032
etc,LGBM,0.9012,0.9013,0.9012,0.9013,0.8659,0.8653,0.8665,0.8665,0.8158,0.9827,0.7826,0.9119,0.9032
pc,LR,0.884,0.8964,0.884,0.8867,0.8363,0.8011,0.8975,0.8975,0.7943,0.9751,0.7119,0.892,0.9051
pc,DT,0.8568,0.8577,0.8568,0.8571,0.8244,0.8152,0.8346,0.8346,0.7343,0.8721,0.75,0.8717,0.8516
pc,RF,0.9086,0.9086,0.9086,0.9081,0.8784,0.9033,0.8586,0.8586,0.8283,0.9864,0.8095,0.919,0.9068
pc,KNN,0.8716,0.885,0.8716,0.8745,0.8301,0.7921,0.9004,0.9004,0.7724,0.9727,0.7213,0.8807,0.8882
pc,SVM,0.8963,0.9069,0.8963,0.8995,0.839,0.808,0.8911,0.8911,0.8131,0.9836,0.6897,0.9054,0.9221
pc,GB,0.9111,0.9107,0.9111,0.9107,0.875,0.8918,0.8608,0.8608,0.8333,0.9827,0.7907,0.9211,0.9132
pc,XGB,0.9086,0.9085,0.9086,0.9085,0.8761,0.8809,0.8716,0.8716,0.8292,0.9809,0.8,0.9187,0.9097
pc,LGBM,0.9136,0.9134,0.9136,0.9134,0.8797,0.8845,0.8752,0.8752,0.8385,0.9823,0.8,0.9231,0.9161
mi,LR,0.884,0.8954,0.884,0.8868,0.8362,0.8015,0.8961,0.8961,0.7927,0.9752,0.7119,0.8929,0.9038
mi,DT,0.8691,0.8701,0.8691,0.8695,0.8212,0.8137,0.8296,0.8296,0.7563,0.8732,0.7083,0.886,0.8693
mi,RF,0.9086,0.9085,0.9086,0.9085,0.8761,0.8809,0.8716,0.8716,0.8292,0.9853,0.8,0.9187,0.9097
mi,KNN,0.8716,0.89,0.8716,0.8766,0.8075,0.7734,0.8765,0.8765,0.7741,0.9581,0.6349,0.8802,0.9073
mi,SVM,0.8864,0.8986,0.8864,0.8898,0.8289,0.7964,0.8852,0.8852,0.7968,0.9829,0.678,0.8955,0.9132
mi,GB,0.9012,0.9013,0.9012,0.9012,0.8536,0.853,0.8542,0.8542,0.8158,0.9817,0.7391,0.9119,0.9097
mi,XGB,0.9012,0.9013,0.9012,0.9013,0.8659,0.8653,0.8665,0.8665,0.8158,0.981,0.7826,0.9119,0.9032
mi,LGBM,0.9012,0.9013,0.9012,0.9013,0.8659,0.8653,0.8665,0.8665,0.8158,0.9827,0.7826,0.9119,0.9032
mir,LR,0.884,0.8964,0.884,0.8867,0.8363,0.8011,0.8975,0.8975,0.7943,0.9751,0.7119,0.892,0.9051
mir,DT,0.8568,0.8577,0.8568,0.8571,0.8244,0.8152,0.8346,0.8346,0.7343,0.8721,0.75,0.8717,0.8516
mir,RF,0.9086,0.9086,0.9086,0.9081,0.8784,0.9033,0.8586,0.8586,0.8283,0.9864,0.8095,0.919,0.9068
mir,KNN,0.8716,0.885,0.8716,0.8745,0.8301,0.7921,0.9004,0.9004,0.7724,0.9727,0.7213,0.8807,0.8882
mir,SVM,0.8963,0.9069,0.8963,0.8995,0.839,0.808,0.8911,0.8911,0.8131,0.9836,0.6897,0.9054,0.9221
mir,GB,0.9111,0.9107,0.9111,0.9107,0.875,0.8918,0.8608,0.8608,0.8333,0.9827,0.7907,0.9211,0.9132
mir,XGB,0.9086,0.9085,0.9086,0.9085,0.8761,0.8809,0.8716,0.8716,0.8292,0.9809,0.8,0.9187,0.9097
mir,LGBM,0.9136,0.9134,0.9136,0.9134,0.8797,0.8845,0.8752,0.8752,0.8385,0.9823,0.8,0.9231,0.9161
mu,LR,0.8593,0.8739,0.8593,0.862,0.809,0.7754,0.8691,0.8691,0.7526,0.9689,0.678,0.8671,0.882
mu,DT,0.8346,0.8366,0.8346,0.8355,0.7695,0.7596,0.7809,0.7809,0.6932,0.838,0.6122,0.8521,0.8442
mu,RF,0.9037,0.9035,0.9037,0.9034,0.8647,0.8742,0.8564,0.8564,0.8202,0.9789,0.7727,0.9139,0.9073
mu,KNN,0.8494,0.8694,0.8494,0.8542,0.7945,0.7579,0.8735,0.8735,0.7366,0.9572,0.6462,0.8585,0.879
mu,SVM,0.8815,0.8947,0.8815,0.8853,0.8161,0.7852,0.87,0.87,0.7886,0.9754,0.6441,0.8904,0.9137
mu,GB,0.8914,0.8898,0.8914,0.8902,0.8246,0.8448,0.8086,0.8086,0.7956,0.9718,0.6667,0.9039,0.9032
mu,XGB,0.9037,0.9032,0.9037,0.9032,0.8516,0.8604,0.844,0.844,0.8202,0.9745,0.7273,0.9139,0.9137
mu,LGBM,0.9037,0.9032,0.9037,0.9033,0.8644,0.8757,0.8543,0.8543,0.8192,0.976,0.7727,0.915,0.9055
vt,LR,0.8691,0.8858,0.8691,0.8736,0.8019,0.7698,0.8627,0.8627,0.7692,0.9658,0.623,0.8776,0.9051
vt,DT,0.8272,0.832,0.8272,0.8285,0.7907,0.7656,0.8266,0.8266,0.6836,0.8602,0.7037,0.8438,0.8247
vt,RF,0.8938,0.8941,0.8938,0.8939,0.8679,0.8629,0.8731,0.8731,0.8021,0.9749,0.8085,0.9055,0.8896
vt,KNN,0.8469,0.8681,0.8469,0.8523,0.7846,0.7501,0.8597,0.8597,0.7326,0.9299,0.6154,0.8558,0.8825
vt,SVM,0.8938,0.8972,0.8938,0.8951,0.8398,0.8228,0.8614,0.8614,0.8038,0.9679,0.7059,0.9051,0.9085
vt,GB,0.9136,0.9134,0.9136,0.9134,0.8671,0.871,0.8636,0.8636,0.8388,0.9749,0.7556,0.9227,0.9231
vt,XGB,0.8988,0.8993,0.8988,0.899,0.8596,0.8543,0.8651,0.8651,0.8117,0.9708,0.766,0.9095,0.9032
vt,LGBM,0.9111,0.9114,0.9111,0.9112,0.8856,0.8845,0.8868,0.8868,0.8346,0.969,0.8261,0.9204,0.9103
