Class,row_id,Seed,Feature,Item_Name,Weight
Stable,2004,42,PHQ2,Feeling Down,0.033966
Stable,2004,42,GAD4,Easily Irritated,0.032574
Stable,2004,42,PHQ4,Low Energy,0.031501
Stable,2004,42,GAD7,Feeling Afraid,0.024287
Stable,2004,42,PHQ6,Low Self-Worth,0.020614
Stable,2004,42,GAD1,Feeling Anxious,0.019123
Stable,2004,42,PHQ3,Sleep Problems,0.018476
Stable,2004,42,GAD5,Excessive Worry,0.017124
Stable,2004,42,GAD6,Restlessness,0.016561
Stable,2004,42,GAD2,Uncontrollable Worry,0.012669
Stable,2004,42,PHQ5,Appetite Change,0.012283
Stable,2004,42,GAD3,Trouble Relaxing,0.011119
Stable,2004,42,PHQ7,Poor Concentration,0.010753
Stable,2004,42,PSS10,Mounting Difficulties,0.007788
Stable,2004,42,PSS2,Lost Control,0.002033
Stable,2004,43,PHQ2,Feeling Down,0.034557
Stable,2004,43,PHQ4,Low Energy,0.032051
Stable,2004,43,GAD4,Easily Irritated,0.031984
Stable,2004,43,GAD7,Feeling Afraid,0.025008
Stable,2004,43,GAD1,Feeling Anxious,0.021405
Stable,2004,43,PHQ6,Low Self-Worth,0.02112
Stable,2004,43,PHQ3,Sleep Problems,0.016872
Stable,2004,43,GAD5,Excessive Worry,0.016275
Stable,2004,43,GAD6,Restlessness,0.016182
Stable,2004,43,PHQ5,Appetite Change,0.01272
Stable,2004,43,GAD2,Uncontrollable Worry,0.011439
Stable,2004,43,PSS10,Mounting Difficulties,0.010784
Stable,2004,43,PHQ7,Poor Concentration,0.010138
Stable,2004,43,GAD3,Trouble Relaxing,0.009304
Stable,2004,43,PSS2,Lost Control,0.002234
Stable,2004,44,GAD4,Easily Irritated,0.038046
Stable,2004,44,PHQ2,Feeling Down,0.034502
Stable,2004,44,PHQ4,Low Energy,0.029181
Stable,2004,44,GAD7,Feeling Afraid,0.024844
Stable,2004,44,GAD1,Feeling Anxious,0.021306
Stable,2004,44,PHQ6,Low Self-Worth,0.020715
Stable,2004,44,GAD6,Restlessness,0.020317
Stable,2004,44,PHQ3,Sleep Problems,0.01961
Stable,2004,44,GAD5,Excessive Worry,0.013832
Stable,2004,44,PSS10,Mounting Difficulties,0.012871
Stable,2004,44,GAD2,Uncontrollable Worry,0.011977
Stable,2004,44,PHQ5,Appetite Change,0.011793
Stable,2004,44,GAD3,Trouble Relaxing,0.010216
Stable,2004,44,PHQ7,Poor Concentration,0.009827
Stable,2004,44,PSS2,Lost Control,0.001581
Stable,2004,45,GAD4,Easily Irritated,0.034731
Stable,2004,45,PHQ2,Feeling Down,0.032944
Stable,2004,45,PHQ4,Low Energy,0.029846
Stable,2004,45,GAD7,Feeling Afraid,0.026325
Stable,2004,45,GAD1,Feeling Anxious,0.024989
Stable,2004,45,PHQ6,Low Self-Worth,0.021475
Stable,2004,45,PHQ3,Sleep Problems,0.018982
Stable,2004,45,GAD6,Restlessness,0.016611
Stable,2004,45,GAD5,Excessive Worry,0.016403
Stable,2004,45,PHQ5,Appetite Change,0.01411
Stable,2004,45,GAD2,Uncontrollable Worry,0.01172
Stable,2004,45,GAD3,Trouble Relaxing,0.009516
Stable,2004,45,PHQ7,Poor Concentration,0.00923
Stable,2004,45,PSS10,Mounting Difficulties,0.008931
Stable,2004,45,PSS2,Lost Control,0.002017
Stable,2004,46,GAD4,Easily Irritated,0.035652
Stable,2004,46,PHQ2,Feeling Down,0.034935
Stable,2004,46,PHQ4,Low Energy,0.030986
Stable,2004,46,GAD7,Feeling Afraid,0.026206
Stable,2004,46,PHQ6,Low Self-Worth,0.021945
Stable,2004,46,GAD1,Feeling Anxious,0.02024
Stable,2004,46,PHQ3,Sleep Problems,0.0184
Stable,2004,46,GAD6,Restlessness,0.01504
Stable,2004,46,GAD5,Excessive Worry,0.014736
Stable,2004,46,PHQ5,Appetite Change,0.013045
Stable,2004,46,GAD2,Uncontrollable Worry,0.011773
Stable,2004,46,GAD3,Trouble Relaxing,0.011139
Stable,2004,46,PHQ7,Poor Concentration,0.009366
Stable,2004,46,PSS10,Mounting Difficulties,0.008769
Stable,2004,46,PSS2,Lost Control,0.001583
Stable,2004,47,GAD4,Easily Irritated,0.032915
Stable,2004,47,PHQ2,Feeling Down,0.032308
Stable,2004,47,PHQ4,Low Energy,0.029477
Stable,2004,47,GAD7,Feeling Afraid,0.023724
Stable,2004,47,GAD1,Feeling Anxious,0.021799
Stable,2004,47,PHQ6,Low Self-Worth,0.019731
Stable,2004,47,GAD6,Restlessness,0.017478
Stable,2004,47,PHQ3,Sleep Problems,0.016348
Stable,2004,47,GAD5,Excessive Worry,0.015267
Stable,2004,47,PHQ5,Appetite Change,0.013162
Stable,2004,47,GAD2,Uncontrollable Worry,0.012264
Stable,2004,47,PSS10,Mounting Difficulties,0.010757
Stable,2004,47,PHQ7,Poor Concentration,0.010376
Stable,2004,47,GAD3,Trouble Relaxing,0.00998
Stable,2004,47,PSS2,Lost Control,0.001593
Stable,2004,48,PHQ2,Feeling Down,0.034325
Stable,2004,48,GAD4,Easily Irritated,0.033853
Stable,2004,48,PHQ4,Low Energy,0.030759
Stable,2004,48,GAD7,Feeling Afraid,0.024935
Stable,2004,48,GAD1,Feeling Anxious,0.021291
Stable,2004,48,PHQ6,Low Self-Worth,0.020847
Stable,2004,48,PHQ3,Sleep Problems,0.020803
Stable,2004,48,GAD6,Restlessness,0.018571
Stable,2004,48,GAD5,Excessive Worry,0.013638
Stable,2004,48,PHQ5,Appetite Change,0.013101
Stable,2004,48,GAD2,Uncontrollable Worry,0.012173
Stable,2004,48,GAD3,Trouble Relaxing,0.010343
Stable,2004,48,PHQ7,Poor Concentration,0.01033
Stable,2004,48,PSS10,Mounting Difficulties,0.008709
Stable,2004,48,PSS2,Lost Control,0.000426
Stable,2004,49,GAD4,Easily Irritated,0.036766
Stable,2004,49,PHQ2,Feeling Down,0.035786
Stable,2004,49,PHQ4,Low Energy,0.031448
Stable,2004,49,GAD7,Feeling Afraid,0.026942
Stable,2004,49,GAD1,Feeling Anxious,0.024139
Stable,2004,49,PHQ6,Low Self-Worth,0.022392
Stable,2004,49,PHQ3,Sleep Problems,0.020181
Stable,2004,49,GAD6,Restlessness,0.017321
Stable,2004,49,GAD5,Excessive Worry,0.015842
Stable,2004,49,GAD3,Trouble Relaxing,0.01235
Stable,2004,49,GAD2,Uncontrollable Worry,0.012185
Stable,2004,49,PHQ5,Appetite Change,0.012034
Stable,2004,49,PHQ7,Poor Concentration,0.011494
Stable,2004,49,PSS10,Mounting Difficulties,0.010511
Stable,2004,49,PSS2,Lost Control,0.000829
Stable,2004,50,PHQ2,Feeling Down,0.035962
Stable,2004,50,PHQ4,Low Energy,0.034004
Stable,2004,50,GAD4,Easily Irritated,0.032674
Stable,2004,50,GAD7,Feeling Afraid,0.023915
Stable,2004,50,GAD1,Feeling Anxious,0.021678
Stable,2004,50,PHQ6,Low Self-Worth,0.020924
Stable,2004,50,PHQ3,Sleep Problems,0.019466
Stable,2004,50,GAD6,Restlessness,0.019066
Stable,2004,50,GAD5,Excessive Worry,0.016006
Stable,2004,50,PHQ7,Poor Concentration,0.013108
Stable,2004,50,PHQ5,Appetite Change,0.012185
Stable,2004,50,GAD2,Uncontrollable Worry,0.012163
Stable,2004,50,PSS10,Mounting Difficulties,0.011037
Stable,2004,50,GAD3,Trouble Relaxing,0.009087
Stable,2004,50,PSS2,Lost Control,0.000522
Stable,2004,51,GAD4,Easily Irritated,0.035116
Stable,2004,51,PHQ2,Feeling Down,0.030551
Stable,2004,51,PHQ4,Low Energy,0.029115
Stable,2004,51,GAD7,Feeling Afraid,0.025227
Stable,2004,51,GAD1,Feeling Anxious,0.020522
Stable,2004,51,PHQ6,Low Self-Worth,0.019729
Stable,2004,51,PHQ3,Sleep Problems,0.018517
Stable,2004,51,GAD6,Restlessness,0.01815
Stable,2004,51,GAD5,Excessive Worry,0.014417
Stable,2004,51,PHQ5,Appetite Change,0.012559
Stable,2004,51,GAD2,Uncontrollable Worry,0.010223
Stable,2004,51,PSS10,Mounting Difficulties,0.00959
Stable,2004,51,PHQ7,Poor Concentration,0.009407
Stable,2004,51,GAD3,Trouble Relaxing,0.008427
Stable,2004,51,PSS2,Lost Control,0.002097
Challenged,1659,42,PHQ2,Feeling Down,0.096468
Challenged,1659,42,GAD1,Feeling Anxious,0.086423
Challenged,1659,42,GAD4,Easily Irritated,0.076588
Challenged,1659,42,PHQ6,Low Self-Worth,0.075868
Challenged,1659,42,GAD5,Excessive Worry,0.064849
Challenged,1659,42,PSS10,Mounting Difficulties,0.062018
Challenged,1659,42,GAD6,Restlessness,0.060178
Challenged,1659,42,GAD7,Feeling Afraid,0.058464
Challenged,1659,42,PSS2,Lost Control,0.050216
Challenged,1659,42,GAD3,Trouble Relaxing,0.041133
Challenged,1659,42,GAD2,Uncontrollable Worry,0.040728
Challenged,1659,42,PHQ7,Poor Concentration,0.039605
Challenged,1659,42,PHQ3,Sleep Problems,0.035876
Challenged,1659,42,PHQ4,Low Energy,0.034509
Challenged,1659,42,PHQ5,Appetite Change,0.021858
Challenged,1659,43,PHQ2,Feeling Down,0.105808
Challenged,1659,43,GAD1,Feeling Anxious,0.084905
Challenged,1659,43,GAD4,Easily Irritated,0.076749
Challenged,1659,43,PHQ6,Low Self-Worth,0.063819
Challenged,1659,43,GAD5,Excessive Worry,0.061113
Challenged,1659,43,GAD6,Restlessness,0.05999
Challenged,1659,43,PSS10,Mounting Difficulties,0.058169
Challenged,1659,43,GAD7,Feeling Afraid,0.054264
Challenged,1659,43,PSS2,Lost Control,0.054226
Challenged,1659,43,GAD2,Uncontrollable Worry,0.045225
Challenged,1659,43,PHQ7,Poor Concentration,0.04315
Challenged,1659,43,GAD3,Trouble Relaxing,0.039025
Challenged,1659,43,PHQ3,Sleep Problems,0.035774
Challenged,1659,43,PHQ4,Low Energy,0.027562
Challenged,1659,43,PHQ5,Appetite Change,0.026036
Challenged,1659,44,PHQ2,Feeling Down,0.097418
Challenged,1659,44,GAD4,Easily Irritated,0.076723
Challenged,1659,44,GAD1,Feeling Anxious,0.076448
Challenged,1659,44,PHQ6,Low Self-Worth,0.064653
Challenged,1659,44,GAD6,Restlessness,0.061853
Challenged,1659,44,PSS10,Mounting Difficulties,0.060991
Challenged,1659,44,GAD5,Excessive Worry,0.060962
Challenged,1659,44,GAD7,Feeling Afraid,0.053344
Challenged,1659,44,PSS2,Lost Control,0.049924
Challenged,1659,44,GAD3,Trouble Relaxing,0.048055
Challenged,1659,44,PHQ7,Poor Concentration,0.04334
Challenged,1659,44,GAD2,Uncontrollable Worry,0.041769
Challenged,1659,44,PHQ3,Sleep Problems,0.033402
Challenged,1659,44,PHQ5,Appetite Change,0.030107
Challenged,1659,44,PHQ4,Low Energy,0.013652
Challenged,1659,45,PHQ2,Feeling Down,0.093748
Challenged,1659,45,GAD1,Feeling Anxious,0.08696
Challenged,1659,45,PHQ6,Low Self-Worth,0.070861
Challenged,1659,45,GAD4,Easily Irritated,0.069508
Challenged,1659,45,GAD5,Excessive Worry,0.064204
Challenged,1659,45,GAD6,Restlessness,0.063714
Challenged,1659,45,PSS10,Mounting Difficulties,0.060764
Challenged,1659,45,GAD7,Feeling Afraid,0.059155
Challenged,1659,45,GAD3,Trouble Relaxing,0.04849
Challenged,1659,45,PSS2,Lost Control,0.046069
Challenged,1659,45,GAD2,Uncontrollable Worry,0.04592
Challenged,1659,45,PHQ3,Sleep Problems,0.04371
Challenged,1659,45,PHQ7,Poor Concentration,0.041146
Challenged,1659,45,PHQ4,Low Energy,0.031062
Challenged,1659,45,PHQ5,Appetite Change,0.030682
Challenged,1659,46,PHQ2,Feeling Down,0.094717
Challenged,1659,46,GAD1,Feeling Anxious,0.07837
Challenged,1659,46,GAD4,Easily Irritated,0.073116
Challenged,1659,46,PHQ6,Low Self-Worth,0.07022
Challenged,1659,46,GAD6,Restlessness,0.065671
Challenged,1659,46,GAD7,Feeling Afraid,0.060206
Challenged,1659,46,PSS10,Mounting Difficulties,0.058202
Challenged,1659,46,GAD5,Excessive Worry,0.057374
Challenged,1659,46,PSS2,Lost Control,0.053802
Challenged,1659,46,GAD3,Trouble Relaxing,0.049822
Challenged,1659,46,PHQ7,Poor Concentration,0.045605
Challenged,1659,46,GAD2,Uncontrollable Worry,0.040188
Challenged,1659,46,PHQ3,Sleep Problems,0.030234
Challenged,1659,46,PHQ4,Low Energy,0.020468
Challenged,1659,46,PHQ5,Appetite Change,0.013148
Challenged,1659,47,PHQ2,Feeling Down,0.104012
Challenged,1659,47,GAD1,Feeling Anxious,0.077067
Challenged,1659,47,GAD4,Easily Irritated,0.075277
Challenged,1659,47,GAD5,Excessive Worry,0.068407
Challenged,1659,47,PHQ6,Low Self-Worth,0.068008
Challenged,1659,47,GAD7,Feeling Afraid,0.05738
Challenged,1659,47,PSS10,Mounting Difficulties,0.05712
Challenged,1659,47,GAD6,Restlessness,0.056771
Challenged,1659,47,PSS2,Lost Control,0.055335
Challenged,1659,47,GAD3,Trouble Relaxing,0.052068
Challenged,1659,47,GAD2,Uncontrollable Worry,0.046076
Challenged,1659,47,PHQ7,Poor Concentration,0.040392
Challenged,1659,47,PHQ3,Sleep Problems,0.040108
Challenged,1659,47,PHQ4,Low Energy,0.029823
Challenged,1659,47,PHQ5,Appetite Change,0.0265
Challenged,1659,48,PHQ2,Feeling Down,0.102927
Challenged,1659,48,GAD1,Feeling Anxious,0.078677
Challenged,1659,48,PHQ6,Low Self-Worth,0.075181
Challenged,1659,48,GAD4,Easily Irritated,0.071132
Challenged,1659,48,GAD6,Restlessness,0.060735
Challenged,1659,48,PSS10,Mounting Difficulties,0.060693
Challenged,1659,48,GAD7,Feeling Afraid,0.060658
Challenged,1659,48,PSS2,Lost Control,0.053423
Challenged,1659,48,GAD5,Excessive Worry,0.05119
Challenged,1659,48,GAD2,Uncontrollable Worry,0.048162
Challenged,1659,48,PHQ3,Sleep Problems,0.042561
Challenged,1659,48,PHQ7,Poor Concentration,0.042048
Challenged,1659,48,GAD3,Trouble Relaxing,0.041051
Challenged,1659,48,PHQ4,Low Energy,0.02748
Challenged,1659,48,PHQ5,Appetite Change,0.020993
Challenged,1659,49,PHQ2,Feeling Down,0.093854
Challenged,1659,49,GAD4,Easily Irritated,0.080388
Challenged,1659,49,GAD1,Feeling Anxious,0.076151
Challenged,1659,49,PHQ6,Low Self-Worth,0.069495
Challenged,1659,49,GAD6,Restlessness,0.069094
Challenged,1659,49,GAD5,Excessive Worry,0.060004
Challenged,1659,49,PSS10,Mounting Difficulties,0.059717
Challenged,1659,49,GAD7,Feeling Afraid,0.057682
Challenged,1659,49,PSS2,Lost Control,0.052486
Challenged,1659,49,GAD3,Trouble Relaxing,0.041538
Challenged,1659,49,GAD2,Uncontrollable Worry,0.038772
Challenged,1659,49,PHQ7,Poor Concentration,0.036215
Challenged,1659,49,PHQ4,Low Energy,0.024517
Challenged,1659,49,PHQ3,Sleep Problems,0.01834
Challenged,1659,49,PHQ5,Appetite Change,0.012948
Challenged,1659,50,PHQ2,Feeling Down,0.091695
Challenged,1659,50,GAD1,Feeling Anxious,0.076486
Challenged,1659,50,GAD4,Easily Irritated,0.070215
Challenged,1659,50,PHQ6,Low Self-Worth,0.069757
Challenged,1659,50,GAD5,Excessive Worry,0.065875
Challenged,1659,50,GAD6,Restlessness,0.064751
Challenged,1659,50,PSS10,Mounting Difficulties,0.060945
Challenged,1659,50,PSS2,Lost Control,0.06034
Challenged,1659,50,GAD7,Feeling Afraid,0.052812
Challenged,1659,50,GAD3,Trouble Relaxing,0.046608
Challenged,1659,50,PHQ7,Poor Concentration,0.040981
Challenged,1659,50,GAD2,Uncontrollable Worry,0.039382
Challenged,1659,50,PHQ3,Sleep Problems,0.037468
Challenged,1659,50,PHQ5,Appetite Change,0.023018
Challenged,1659,50,PHQ4,Low Energy,0.020169
Challenged,1659,51,PHQ2,Feeling Down,0.103884
Challenged,1659,51,GAD1,Feeling Anxious,0.088677
Challenged,1659,51,GAD4,Easily Irritated,0.075908
Challenged,1659,51,PHQ6,Low Self-Worth,0.07194
Challenged,1659,51,GAD5,Excessive Worry,0.065648
Challenged,1659,51,GAD6,Restlessness,0.064795
Challenged,1659,51,PSS10,Mounting Difficulties,0.06337
Challenged,1659,51,GAD7,Feeling Afraid,0.055652
Challenged,1659,51,GAD2,Uncontrollable Worry,0.046074
Challenged,1659,51,PSS2,Lost Control,0.04418
Challenged,1659,51,GAD3,Trouble Relaxing,0.042681
Challenged,1659,51,PHQ3,Sleep Problems,0.038824
Challenged,1659,51,PHQ7,Poor Concentration,0.038771
Challenged,1659,51,PHQ4,Low Energy,0.030603
Challenged,1659,51,PHQ5,Appetite Change,0.029279
Critical,36,42,GAD4,Easily Irritated,0.119251
Critical,36,42,PHQ6,Low Self-Worth,0.114882
Critical,36,42,PHQ2,Feeling Down,0.111683
Critical,36,42,PSS10,Mounting Difficulties,0.106188
Critical,36,42,GAD7,Feeling Afraid,0.101528
Critical,36,42,GAD1,Feeling Anxious,0.096025
Critical,36,42,GAD5,Excessive Worry,0.092044
Critical,36,42,GAD6,Restlessness,0.088956
Critical,36,42,GAD3,Trouble Relaxing,0.073997
Critical,36,42,GAD2,Uncontrollable Worry,0.061377
Critical,36,42,PHQ7,Poor Concentration,0.051681
Critical,36,42,PHQ4,Low Energy,-0.040478
Critical,36,42,PHQ5,Appetite Change,-0.039651
Critical,36,42,PSS2,Lost Control,0.035642
Critical,36,42,PHQ3,Sleep Problems,-0.033826
Critical,36,43,GAD4,Easily Irritated,0.127088
Critical,36,43,PHQ2,Feeling Down,0.11354
Critical,36,43,PHQ6,Low Self-Worth,0.11078
Critical,36,43,PSS10,Mounting Difficulties,0.11067
Critical,36,43,GAD1,Feeling Anxious,0.099246
Critical,36,43,GAD7,Feeling Afraid,0.097854
Critical,36,43,GAD5,Excessive Worry,0.085523
Critical,36,43,GAD6,Restlessness,0.073889
Critical,36,43,GAD3,Trouble Relaxing,0.062757
Critical,36,43,GAD2,Uncontrollable Worry,0.059605
Critical,36,43,PHQ7,Poor Concentration,0.057062
Critical,36,43,PHQ4,Low Energy,-0.039109
Critical,36,43,PHQ5,Appetite Change,-0.036986
Critical,36,43,PHQ3,Sleep Problems,-0.031207
Critical,36,43,PSS2,Lost Control,0.029697
Critical,36,44,PHQ2,Feeling Down,0.122204
Critical,36,44,GAD4,Easily Irritated,0.120526
Critical,36,44,PHQ6,Low Self-Worth,0.111384
Critical,36,44,PSS10,Mounting Difficulties,0.103022
Critical,36,44,GAD1,Feeling Anxious,0.099123
Critical,36,44,GAD7,Feeling Afraid,0.098149
Critical,36,44,GAD5,Excessive Worry,0.085698
Critical,36,44,GAD6,Restlessness,0.079229
Critical,36,44,GAD3,Trouble Relaxing,0.064095
Critical,36,44,PHQ7,Poor Concentration,0.055722
Critical,36,44,GAD2,Uncontrollable Worry,0.054641
Critical,36,44,PHQ4,Low Energy,-0.043457
Critical,36,44,PHQ5,Appetite Change,-0.042003
Critical,36,44,PSS2,Lost Control,0.034554
Critical,36,44,PHQ3,Sleep Problems,-0.032906
Critical,36,45,GAD4,Easily Irritated,0.120081
Critical,36,45,PHQ6,Low Self-Worth,0.115774
Critical,36,45,PHQ2,Feeling Down,0.111121
Critical,36,45,GAD7,Feeling Afraid,0.098988
Critical,36,45,PSS10,Mounting Difficulties,0.096623
Critical,36,45,GAD1,Feeling Anxious,0.096038
Critical,36,45,GAD5,Excessive Worry,0.090869
Critical,36,45,GAD6,Restlessness,0.088395
Critical,36,45,GAD3,Trouble Relaxing,0.069003
Critical,36,45,PHQ7,Poor Concentration,0.06267
Critical,36,45,GAD2,Uncontrollable Worry,0.053012
Critical,36,45,PHQ4,Low Energy,-0.052883
Critical,36,45,PHQ5,Appetite Change,-0.04355
Critical,36,45,PHQ3,Sleep Problems,-0.033365
Critical,36,45,PSS2,Lost Control,0.023401
Critical,36,46,PHQ2,Feeling Down,0.116198
Critical,36,46,PHQ6,Low Self-Worth,0.113163
Critical,36,46,GAD4,Easily Irritated,0.112703
Critical,36,46,GAD1,Feeling Anxious,0.09868
Critical,36,46,PSS10,Mounting Difficulties,0.097149
Critical,36,46,GAD7,Feeling Afraid,0.094398
Critical,36,46,GAD6,Restlessness,0.086612
Critical,36,46,GAD5,Excessive Worry,0.086527
Critical,36,46,GAD2,Uncontrollable Worry,0.057269
Critical,36,46,PHQ7,Poor Concentration,0.055706
Critical,36,46,GAD3,Trouble Relaxing,0.055407
Critical,36,46,PHQ4,Low Energy,-0.045348
Critical,36,46,PSS2,Lost Control,0.038761
Critical,36,46,PHQ5,Appetite Change,-0.033512
Critical,36,46,PHQ3,Sleep Problems,-0.028754
Critical,36,47,GAD4,Easily Irritated,0.120713
Critical,36,47,PHQ2,Feeling Down,0.116449
Critical,36,47,PHQ6,Low Self-Worth,0.11024
Critical,36,47,PSS10,Mounting Difficulties,0.103834
Critical,36,47,GAD7,Feeling Afraid,0.103732
Critical,36,47,GAD1,Feeling Anxious,0.09211
Critical,36,47,GAD5,Excessive Worry,0.089022
Critical,36,47,GAD6,Restlessness,0.081692
Critical,36,47,GAD3,Trouble Relaxing,0.075745
Critical,36,47,GAD2,Uncontrollable Worry,0.069951
Critical,36,47,PHQ7,Poor Concentration,0.057715
Critical,36,47,PHQ4,Low Energy,-0.044871
Critical,36,47,PHQ5,Appetite Change,-0.038552
Critical,36,47,PSS2,Lost Control,0.032481
Critical,36,47,PHQ3,Sleep Problems,-0.030806
Critical,36,48,GAD4,Easily Irritated,0.124921
Critical,36,48,PHQ2,Feeling Down,0.122821
Critical,36,48,PHQ6,Low Self-Worth,0.109495
Critical,36,48,GAD7,Feeling Afraid,0.10442
Critical,36,48,PSS10,Mounting Difficulties,0.100728
Critical,36,48,GAD1,Feeling Anxious,0.095416
Critical,36,48,GAD5,Excessive Worry,0.09322
Critical,36,48,GAD6,Restlessness,0.08788
Critical,36,48,GAD3,Trouble Relaxing,0.062467
Critical,36,48,GAD2,Uncontrollable Worry,0.056621
Critical,36,48,PHQ7,Poor Concentration,0.055532
Critical,36,48,PHQ4,Low Energy,-0.044274
Critical,36,48,PHQ5,Appetite Change,-0.036111
Critical,36,48,PSS2,Lost Control,0.033709
Critical,36,48,PHQ3,Sleep Problems,-0.027382
Critical,36,49,PHQ2,Feeling Down,0.117865
Critical,36,49,GAD4,Easily Irritated,0.11773
Critical,36,49,PHQ6,Low Self-Worth,0.110219
Critical,36,49,PSS10,Mounting Difficulties,0.09996
Critical,36,49,GAD7,Feeling Afraid,0.09751
Critical,36,49,GAD1,Feeling Anxious,0.096707
Critical,36,49,GAD5,Excessive Worry,0.081203
Critical,36,49,GAD6,Restlessness,0.077538
Critical,36,49,GAD3,Trouble Relaxing,0.058413
Critical,36,49,GAD2,Uncontrollable Worry,0.058175
Critical,36,49,PHQ7,Poor Concentration,0.057826
Critical,36,49,PHQ4,Low Energy,-0.043788
Critical,36,49,PSS2,Lost Control,0.034555
Critical,36,49,PHQ5,Appetite Change,-0.034249
Critical,36,49,PHQ3,Sleep Problems,-0.033381
Critical,36,50,PHQ2,Feeling Down,0.122742
Critical,36,50,GAD4,Easily Irritated,0.120403
Critical,36,50,PHQ6,Low Self-Worth,0.116025
Critical,36,50,PSS10,Mounting Difficulties,0.098827
Critical,36,50,GAD7,Feeling Afraid,0.098371
Critical,36,50,GAD5,Excessive Worry,0.093158
Critical,36,50,GAD1,Feeling Anxious,0.08914
Critical,36,50,GAD6,Restlessness,0.088956
Critical,36,50,GAD3,Trouble Relaxing,0.067413
Critical,36,50,PHQ7,Poor Concentration,0.060739
Critical,36,50,GAD2,Uncontrollable Worry,0.047577
Critical,36,50,PHQ5,Appetite Change,-0.038511
Critical,36,50,PHQ4,Low Energy,-0.033381
Critical,36,50,PHQ3,Sleep Problems,-0.029889
Critical,36,50,PSS2,Lost Control,0.029823
Critical,36,51,GAD4,Easily Irritated,0.123043
Critical,36,51,PHQ6,Low Self-Worth,0.119386
Critical,36,51,PHQ2,Feeling Down,0.116434
Critical,36,51,PSS10,Mounting Difficulties,0.110266
Critical,36,51,GAD1,Feeling Anxious,0.100418
Critical,36,51,GAD7,Feeling Afraid,0.100294
Critical,36,51,GAD5,Excessive Worry,0.088335
Critical,36,51,GAD6,Restlessness,0.083397
Critical,36,51,GAD3,Trouble Relaxing,0.06447
Critical,36,51,PHQ7,Poor Concentration,0.060698
Critical,36,51,GAD2,Uncontrollable Worry,0.059249
Critical,36,51,PHQ4,Low Energy,-0.045882
Critical,36,51,PHQ5,Appetite Change,-0.035524
Critical,36,51,PHQ3,Sleep Problems,-0.034189
Critical,36,51,PSS2,Lost Control,0.03012
