Feature,Item_Name,Scale,Mean_Abs_SHAP_Stable,Mean_Abs_SHAP_Challenged,Mean_Abs_SHAP_Critical,Mean_Abs_SHAP_Global,CI95_Low,CI95_High,SHAP_Rank,Rank_CI95_Low,Rank_CI95_High,Perm_Importance_F1_Drop,Perm_Importance_Std,Perm_Rank
GAD7,Feeling Afraid,GAD,0.059905,0.063522,0.056956,0.060128,0.058329,0.062039,1,1.0,1.0,0.013056,0.013597,4
GAD4,Easily Irritated,GAD,0.041461,0.062137,0.050531,0.051376,0.049743,0.053062,2,2.0,3.0,0.013851,0.009376,3
PHQ2,Feeling Down,PHQ,0.03905,0.051764,0.061351,0.050722,0.048884,0.052359,3,2.0,3.0,0.005265,0.008954,7
GAD1,Feeling Anxious,GAD,0.049047,0.049061,0.046678,0.048262,0.046697,0.050057,4,4.0,5.0,0.034071,0.011857,1
PHQ6,Low Self-Worth,PHQ,0.032702,0.050236,0.05576,0.046233,0.044594,0.047912,5,4.0,5.0,0.01575,0.009636,2
GAD5,Excessive Worry,GAD,0.018792,0.048747,0.050471,0.039337,0.038212,0.040439,6,6.0,6.0,0.004631,0.007882,8
GAD6,Restlessness,GAD,0.024618,0.037956,0.035451,0.032675,0.031336,0.033972,7,7.0,7.0,-0.002499,0.007792,12
PHQ4,Low Energy,PHQ,0.033491,0.027107,0.028122,0.029574,0.02848,0.030727,8,8.0,8.0,-0.012496,0.008746,15
GAD3,Trouble Relaxing,GAD,0.020314,0.031566,0.026933,0.026271,0.025293,0.027308,9,9.0,9.0,0.001654,0.010547,10
PHQ5,Appetite Change,PHQ,0.024862,0.0246,0.018166,0.022543,0.021523,0.023578,10,10.0,13.0,-0.00964,0.012433,14
PSS2,Lost Control,PSS,0.01407,0.027153,0.026096,0.02244,0.021421,0.023488,11,10.0,13.0,0.00816,0.007084,5
PHQ3,Sleep Problems,PHQ,0.021911,0.021618,0.021289,0.021606,0.020835,0.022445,12,11.0,14.0,-0.003423,0.011747,13
PSS10,Mounting Difficulties,PSS,0.007895,0.02826,0.028174,0.021443,0.020251,0.022703,13,10.0,14.0,0.005935,0.005291,6
GAD2,Uncontrollable Worry,GAD,0.017837,0.026952,0.018677,0.021155,0.020278,0.022082,14,12.0,14.0,0.002354,0.010015,9
PHQ7,Poor Concentration,PHQ,0.017058,0.019383,0.021554,0.019331,0.018528,0.020257,15,15.0,15.0,-0.001794,0.009528,11
