Model,Variant,Seed,Best_Epoch,Epochs_Run,Val_F1_Macro,Accuracy,Precision_Weighted,Recall_Weighted,F1_Weighted,F1_Macro,Precision_Macro,Recall_Macro,Balanced_Accuracy,MCC,AUC_Macro_OvR,F1_Stable,F1_Challenged,F1_Critical,Seconds
bert,items,42,3,5,0.9143,0.9062,0.906,0.9062,0.9057,0.8535,0.8616,0.8469,0.8469,0.8256,0.9841,0.7273,0.9156,0.9177,13939.2
bert,items,43,2,4,0.8781,0.884,0.8922,0.884,0.8847,0.8441,0.8231,0.8742,0.8742,0.794,0.9753,0.7451,0.891,0.8963,9518.5
bert,items,44,3,5,0.883,0.9086,0.9116,0.9086,0.908,0.8756,0.9154,0.8498,0.8498,0.8311,0.9699,0.8,0.9193,0.9074,11779.3
distilbert,items,42,3,5,0.9351,0.9111,0.9112,0.9111,0.9111,0.8608,0.8602,0.8615,0.8615,0.8343,0.9846,0.7391,0.9207,0.9226,5713.3
distilbert,items,43,2,4,0.8656,0.9062,0.9133,0.9062,0.9082,0.8559,0.8273,0.8983,0.8983,0.83,0.9816,0.7273,0.9144,0.926,4516.2
distilbert,items,44,3,5,0.8657,0.916,0.9158,0.916,0.9156,0.8786,0.895,0.8651,0.8651,0.8429,0.978,0.7907,0.9251,0.9201,5668.7
albert,items,42,5,5,0.9062,0.916,0.9176,0.916,0.9164,0.868,0.8578,0.8795,0.8795,0.8452,0.9821,0.75,0.9241,0.9299,12695.0
albert,items,43,2,4,0.8841,0.8938,0.8938,0.8938,0.8938,0.8357,0.836,0.8354,0.8354,0.8015,0.9763,0.6957,0.9059,0.9055,14573.1
albert,items,44,5,5,0.9029,0.9185,0.9196,0.9185,0.919,0.8697,0.8614,0.8789,0.8789,0.8484,0.9871,0.75,0.9275,0.9316,12771.1
biobert,items,42,3,5,0.9101,0.9111,0.9134,0.9111,0.9119,0.8674,0.8527,0.8854,0.8854,0.8351,0.982,0.76,0.9211,0.9211,12015.1
biobert,items,43,2,4,0.8707,0.8963,0.8972,0.8963,0.8959,0.8538,0.8634,0.8457,0.8457,0.8053,0.9784,0.7556,0.9103,0.8956,9574.2
biobert,items,44,3,5,0.8692,0.9235,0.9237,0.9235,0.9225,0.8861,0.9288,0.8557,0.8557,0.8555,0.9779,0.8,0.9328,0.9256,12151.5
clinicalbert,items,42,4,5,0.8923,0.9037,0.9054,0.9037,0.9044,0.8547,0.8426,0.8687,0.8687,0.8214,0.9828,0.7347,0.9139,0.9156,14038.9
clinicalbert,items,43,1,3,0.8889,0.884,0.8834,0.884,0.8833,0.8414,0.8595,0.826,0.826,0.7813,0.9697,0.7442,0.8985,0.8816,7210.6
clinicalbert,items,44,3,5,0.8492,0.916,0.9164,0.916,0.9151,0.8807,0.9238,0.8499,0.8499,0.8414,0.9767,0.8,0.9264,0.9156,16839.3
distilbert,full,42,3,5,0.9259,0.9086,0.9085,0.9086,0.9084,0.8635,0.8674,0.86,0.86,0.8296,0.9819,0.7556,0.9183,0.9167,7350.5
distilbert,full,43,2,4,0.8561,0.9037,0.9092,0.9037,0.9054,0.8574,0.832,0.8941,0.8941,0.8235,0.9814,0.7407,0.9135,0.918,5884.3
distilbert,full,44,1,3,0.8894,0.8938,0.8992,0.8938,0.8933,0.8596,0.8893,0.8417,0.8417,0.8072,0.9645,0.7805,0.9041,0.8943,7047.4
