Model,Variant,Seed,Epoch,Train_Loss,Val_Loss,Val_F1_Macro
bert,items,42,1,0.7687,0.5121,0.748
bert,items,42,2,0.3446,0.3959,0.8137
bert,items,42,3,0.3488,0.1865,0.9143
bert,items,42,4,0.2761,0.2066,0.9055
bert,items,42,5,0.2053,0.217,0.8614
bert,items,43,1,0.7264,0.2937,0.8754
bert,items,43,2,0.4013,0.2558,0.8781
bert,items,43,3,0.3219,0.2997,0.858
bert,items,43,4,0.283,0.2394,0.8681
bert,items,44,1,0.7185,0.3511,0.8468
bert,items,44,2,0.4442,0.3698,0.79
bert,items,44,3,0.3202,0.272,0.883
bert,items,44,4,0.2724,0.4277,0.7901
bert,items,44,5,0.2196,0.3375,0.8166
distilbert,items,42,1,0.7337,0.3608,0.8272
distilbert,items,42,2,0.3279,0.2979,0.8404
distilbert,items,42,3,0.2939,0.1636,0.9351
distilbert,items,42,4,0.2528,0.1812,0.8931
distilbert,items,42,5,0.1991,0.1822,0.8841
distilbert,items,43,1,0.6842,0.3381,0.8141
distilbert,items,43,2,0.3417,0.2465,0.8656
distilbert,items,43,3,0.2905,0.2758,0.8292
distilbert,items,43,4,0.2421,0.2893,0.8214
distilbert,items,44,1,0.7072,0.378,0.7808
distilbert,items,44,2,0.3812,0.3471,0.7914
distilbert,items,44,3,0.3096,0.2771,0.8657
distilbert,items,44,4,0.2438,0.325,0.814
distilbert,items,44,5,0.1927,0.2993,0.8257
albert,items,42,1,0.87,0.5294,0.7354
albert,items,42,2,0.4469,0.2826,0.8532
albert,items,42,3,0.3694,0.229,0.8772
albert,items,42,4,0.3038,0.5678,0.654
albert,items,42,5,0.3077,0.1889,0.9062
albert,items,43,1,0.7617,0.3554,0.8441
albert,items,43,2,0.4292,0.2474,0.8841
albert,items,43,3,0.3724,0.3798,0.8164
albert,items,43,4,0.2756,0.2459,0.8584
albert,items,44,1,0.7424,0.4537,0.7419
albert,items,44,2,0.4122,0.469,0.8061
albert,items,44,3,0.3251,0.2827,0.8721
albert,items,44,4,0.3156,0.3569,0.8061
albert,items,44,5,0.1956,0.2308,0.9029
biobert,items,42,1,0.7589,0.4655,0.8176
biobert,items,42,2,0.3635,0.3075,0.8433
biobert,items,42,3,0.3011,0.1997,0.9101
biobert,items,42,4,0.2414,0.1831,0.8732
biobert,items,42,5,0.1899,0.2008,0.8693
biobert,items,43,1,0.7815,0.3129,0.7993
biobert,items,43,2,0.421,0.2626,0.8707
biobert,items,43,3,0.3549,0.2871,0.8478
biobert,items,43,4,0.262,0.2795,0.8447
biobert,items,44,1,0.7187,0.2826,0.8661
biobert,items,44,2,0.3994,0.4821,0.755
biobert,items,44,3,0.3421,0.2736,0.8692
biobert,items,44,4,0.2996,0.331,0.8311
biobert,items,44,5,0.2236,0.3351,0.8369
clinicalbert,items,42,1,0.7116,0.5336,0.7569
clinicalbert,items,42,2,0.3394,0.3713,0.8354
clinicalbert,items,42,3,0.3446,0.2026,0.8895
clinicalbert,items,42,4,0.2694,0.1884,0.8923
clinicalbert,items,42,5,0.2004,0.2086,0.8737
clinicalbert,items,43,1,0.7204,0.2915,0.8889
clinicalbert,items,43,2,0.3636,0.3283,0.8406
clinicalbert,items,43,3,0.3325,0.2748,0.8432
clinicalbert,items,44,1,0.7158,0.4021,0.772
clinicalbert,items,44,2,0.3823,0.4233,0.7781
clinicalbert,items,44,3,0.3808,0.2864,0.8492
clinicalbert,items,44,4,0.2729,0.3612,0.7979
clinicalbert,items,44,5,0.2203,0.3404,0.8258
distilbert,full,42,1,0.7215,0.3365,0.8268
distilbert,full,42,2,0.3267,0.2923,0.8601
distilbert,full,42,3,0.3018,0.179,0.9259
distilbert,full,42,4,0.2422,0.1662,0.8996
distilbert,full,42,5,0.1787,0.2007,0.8744
distilbert,full,43,1,0.674,0.3289,0.8161
distilbert,full,43,2,0.3303,0.2464,0.8561
distilbert,full,43,3,0.3009,0.3044,0.8288
distilbert,full,43,4,0.2421,0.3008,0.8279
distilbert,full,44,1,0.7299,0.3033,0.8894
distilbert,full,44,2,0.4189,0.348,0.7661
distilbert,full,44,3,0.3227,0.2953,0.8623
